Row,LocationID,NestboxID,LocationType,PopID,Latitude,Longitude,StartSeason,EndSeason,HabitatType,Warning,Error,PopNestboxID
3970,bot_1_NB,bot_1_NB,NB,bot,43.61487,3.872481,2009,NA,urban,NA,NA,MON bot_1_NB
3971,bot_2_NB,bot_2_NB,NB,bot,43.614446,3.872419,2008,NA,urban,NA,NA,MON bot_2_NB
3972,bot_3_NB,bot_3_NB,NB,bot,43.613487,3.872164,2008,NA,urban,NA,NA,MON bot_3_NB
3973,bot_4_NB,bot_4_NB,NB,bot,43.613219,3.871609,2009,NA,urban,NA,NA,MON bot_4_NB
3974,bot_5_NB,bot_5_NB,NB,bot,43.613766,3.871227,2008,NA,urban,NA,NA,MON bot_5_NB
3975,bot_6_NB,bot_6_NB,NB,bot,43.614152,3.87089,2009,NA,urban,NA,NA,MON bot_6_NB
3976,bot_7_NB,bot_7_NB,NB,bot,43.614683,3.871051,2008,NA,urban,NA,NA,MON bot_7_NB
3977,bot_8_NB,bot_8_NB,NB,bot,43.615293,3.871359,2008,NA,urban,NA,NA,MON bot_8_NB
3994,cef_1_NB,cef_1_NB,NB,cef,43.639092,3.863722,2007,NA,urban,NA,NA,MON cef_1_NB
3996,cef_10_NB,cef_10_NB,NB,cef,43.63884,3.863334,2008,NA,urban,NA,NA,MON cef_10_NB
3997,cef_2_NB,cef_2_NB,NB,cef,43.639144,3.861867,2007,NA,urban,NA,NA,MON cef_2_NB
3998,cef_3_NB,cef_3_NB,NB,cef,43.638572,3.861068,2007,NA,urban,NA,NA,MON cef_3_NB
3999,cef_4_NB,cef_4_NB,NB,cef,43.637686,3.86121,2007,NA,urban,NA,NA,MON cef_4_NB
4000,cef_5_NB,cef_5_NB,NB,cef,43.63715,3.861322,2007,NA,urban,NA,NA,MON cef_5_NB
4001,cef_6_NB,cef_6_NB,NB,cef,43.636805,3.861792,2008,NA,urban,NA,NA,MON cef_6_NB
4003,cef_7_NB,cef_7_NB,NB,cef,43.636927,3.862693,2007,NA,urban,NA,NA,MON cef_7_NB
4005,cef_8_NB,cef_8_NB,NB,cef,43.637862,3.863538,2007,NA,urban,NA,NA,MON cef_8_NB
4006,cef_9_NB,cef_9_NB,NB,cef,43.637734,3.863957,2008,NA,urban,NA,NA,MON cef_9_NB
4027,fac_1_NB,fac_1_NB,NB,fac,43.629549,3.869685,2014,NA,urban,NA,NA,MON fac_1_NB
4028,fac_10_NB,fac_10_NB,NB,fac,43.633606,3.867481,2008,NA,urban,NA,NA,MON fac_10_NB
4029,fac_11_NB,fac_11_NB,NB,fac,43.634521,3.867428,2008,NA,urban,NA,NA,MON fac_11_NB
4030,fac_12_NB,fac_12_NB,NB,fac,43.634064,3.866462,2009,NA,urban,NA,NA,MON fac_12_NB
4031,fac_13_NB,fac_13_NB,NB,fac,43.633716,3.865383,2008,NA,urban,NA,NA,MON fac_13_NB
4032,fac_14_NB,fac_14_NB,NB,fac,43.633404,3.865438,2010,NA,urban,NA,NA,MON fac_14_NB
4033,fac_15_NB,fac_15_NB,NB,fac,43.632932,3.865517,2010,NA,urban,NA,NA,MON fac_15_NB
4034,fac_16_NB,fac_16_NB,NB,fac,43.63174,3.865957,2008,NA,urban,NA,NA,MON fac_16_NB
4035,fac_17_NB,fac_17_NB,NB,fac,43.631178,3.865706,2010,NA,urban,NA,NA,MON fac_17_NB
4036,fac_18_NB,fac_18_NB,NB,fac,43.631385,3.86622,2008,NA,urban,NA,NA,MON fac_18_NB
4037,fac_19_NB,fac_19_NB,NB,fac,43.634163,3.862035,2011,NA,urban,NA,NA,MON fac_19_NB
4038,fac_2_NB,fac_2_NB,NB,fac,43.629987,3.868779,2008,NA,urban,NA,NA,MON fac_2_NB
4039,fac_20_NB,fac_20_NB,NB,fac,43.633808,3.861682,2008,NA,urban,NA,NA,MON fac_20_NB
4040,fac_21_NB,fac_21_NB,NB,fac,43.634174,3.86099,2009,NA,urban,NA,NA,MON fac_21_NB
4041,fac_22_NB,fac_22_NB,NB,fac,43.633682,3.860572,2010,NA,urban,NA,NA,MON fac_22_NB
4042,fac_3_NB,fac_3_NB,NB,fac,43.630541,3.867879,2008,NA,urban,NA,NA,MON fac_3_NB
4043,fac_5_NB,fac_5_NB,NB,fac,43.631415,3.867731,2008,NA,urban,NA,NA,MON fac_5_NB
4044,fac_6_NB,fac_6_NB,NB,fac,43.631921,3.867902,2008,NA,urban,NA,NA,MON fac_6_NB
4045,fac_7_NB,fac_7_NB,NB,fac,43.632109,3.867238,2009,NA,urban,NA,NA,MON fac_7_NB
4046,fac_8_NB,fac_8_NB,NB,fac,43.632865,3.866975,2008,NA,urban,NA,NA,MON fac_8_NB
4047,fac_9_NB,fac_9_NB,NB,fac,43.633604,3.866642,2008,NA,urban,NA,NA,MON fac_9_NB
4133,font_1_NB,font_1_NB,NB,font,43.596833,3.831929,2011,NA,urban,NA,NA,MON font_1_NB
4134,font_12_NB,font_12_NB,NB,font,43.598638,3.832687,2012,NA,urban,NA,NA,MON font_12_NB
4135,font_13_NB,font_13_NB,NB,font,43.596404,3.83313,2011,NA,urban,NA,NA,MON font_13_NB
4136,font_15_NB,font_15_NB,NB,font,43.595352,3.835407,2011,NA,urban,NA,NA,MON font_15_NB
4137,font_16_NB,font_16_NB,NB,font,43.596184,3.835545,2011,NA,urban,NA,NA,MON font_16_NB
4138,font_17_NB,font_17_NB,NB,font,43.596823,3.834651,2011,NA,urban,NA,NA,MON font_17_NB
4139,font_18_NB,font_18_NB,NB,font,43.597127,3.833705,2011,NA,urban,NA,NA,MON font_18_NB
4140,font_2_NB,font_2_NB,NB,font,43.596738,3.830925,2011,NA,urban,NA,NA,MON font_2_NB
4141,font_21_NB,font_21_NB,NB,font,43.597184,3.838898,2011,NA,urban,NA,NA,MON font_21_NB
4142,font_23_NB,font_23_NB,NB,font,43.598046,3.838568,2011,NA,urban,NA,NA,MON font_23_NB
4143,font_25_NB,font_25_NB,NB,font,43.598202,3.835501,2011,NA,urban,NA,NA,MON font_25_NB
4144,font_29_NB,font_29_NB,NB,font,43.594203,3.840378,2012,NA,urban,NA,NA,MON font_29_NB
4145,font_3_NB,font_3_NB,NB,font,43.597325,3.829944,2017,NA,urban,NA,NA,MON font_3_NB
4146,font_31_NB,font_31_NB,NB,font,43.596959,3.838156,2013,NA,urban,NA,NA,MON font_31_NB
4147,font_32_NB,font_32_NB,NB,font,43.593847,3.839524,2014,NA,urban,NA,NA,MON font_32_NB
4148,font_4_NB,font_4_NB,NB,font,43.597721,3.829076,2012,NA,urban,NA,NA,MON font_4_NB
4149,font_5_NB,font_5_NB,NB,font,43.598555,3.82977,2012,NA,urban,NA,NA,MON font_5_NB
4150,font_7_NB,font_7_NB,NB,font,43.59758,3.831574,2011,NA,urban,NA,NA,MON font_7_NB
4151,font_8_NB,font_8_NB,NB,font,43.598177,3.832004,2017,NA,urban,NA,NA,MON font_8_NB
4152,font_9_NB,font_9_NB,NB,font,43.598459,3.830894,2012,NA,urban,NA,NA,MON font_9_NB
4213,gram_10_NB,gram_10_NB,NB,gram,43.61857,3.929584,2011,NA,urban,NA,NA,MON gram_10_NB
4214,gram_11_NB,gram_11_NB,NB,gram,43.618241,3.929744,2011,NA,urban,NA,NA,MON gram_11_NB
4215,gram_14_NB,gram_14_NB,NB,gram,43.618116,3.9265,2011,NA,urban,NA,NA,MON gram_14_NB
4216,gram_16_NB,gram_16_NB,NB,gram,43.617256,3.925085,2015,NA,urban,NA,NA,MON gram_16_NB
4217,gram_17_NB,gram_17_NB,NB,gram,43.617354,3.926601,2011,NA,urban,NA,NA,MON gram_17_NB
4218,gram_19_NB,gram_19_NB,NB,gram,43.617479,3.928251,2011,NA,urban,NA,NA,MON gram_19_NB
4219,gram_2_NB,gram_2_NB,NB,gram,43.619687,3.928434,2011,NA,urban,NA,NA,MON gram_2_NB
4220,gram_20_NB,gram_20_NB,NB,gram,43.61685,3.927549,2011,NA,urban,NA,NA,MON gram_20_NB
4221,gram_25_NB,gram_25_NB,NB,gram,43.615938,3.926045,2018,NA,urban,NA,NA,MON gram_25_NB
4222,gram_30_NB,gram_30_NB,NB,gram,43.614664,3.929237,2011,NA,urban,NA,NA,MON gram_30_NB
4223,gram_31_NB,gram_31_NB,NB,gram,43.614847,3.930094,2012,NA,urban,NA,NA,MON gram_31_NB
4224,gram_33_NB,gram_33_NB,NB,gram,43.616054,3.92996,2012,NA,urban,NA,NA,MON gram_33_NB
4225,gram_35_NB,gram_35_NB,NB,gram,43.617276,3.930183,2013,NA,urban,NA,NA,MON gram_35_NB
4226,gram_36_NB,gram_36_NB,NB,gram,43.617387,3.930882,2011,NA,urban,NA,NA,MON gram_36_NB
4227,gram_37_NB,gram_37_NB,NB,gram,43.6169,3.931409,2016,NA,urban,NA,NA,MON gram_37_NB
4228,gram_38_NB,gram_38_NB,NB,gram,43.615958,3.931265,2011,NA,urban,NA,NA,MON gram_38_NB
4229,gram_39_NB,gram_39_NB,NB,gram,43.615155,3.931266,2011,NA,urban,NA,NA,MON gram_39_NB
4230,gram_40_NB,gram_40_NB,NB,gram,43.615362,3.932741,2011,NA,urban,NA,NA,MON gram_40_NB
4231,gram_41_NB,gram_41_NB,NB,gram,43.615283,3.933905,2011,NA,urban,NA,NA,MON gram_41_NB
4232,gram_42_NB,gram_42_NB,NB,gram,43.615359,3.935106,2013,NA,urban,NA,NA,MON gram_42_NB
4233,gram_44_NB,gram_44_NB,NB,gram,43.61559,3.938096,2011,NA,urban,NA,NA,MON gram_44_NB
4234,gram_45_NB,gram_45_NB,NB,gram,43.616041,3.93869,2011,NA,urban,NA,NA,MON gram_45_NB
4235,gram_47_NB,gram_47_NB,NB,gram,43.616264,3.937322,2015,NA,urban,NA,NA,MON gram_47_NB
4236,gram_49_NB,gram_49_NB,NB,gram,43.616108,3.934845,2011,NA,urban,NA,NA,MON gram_49_NB
4237,gram_5_NB,gram_5_NB,NB,gram,43.619275,3.925384,2011,NA,urban,NA,NA,MON gram_5_NB
4238,gram_50_NB,gram_50_NB,NB,gram,43.616881,3.935019,2011,NA,urban,NA,NA,MON gram_50_NB
4239,gram_52_NB,gram_52_NB,NB,gram,43.6187,3.93531,2011,NA,urban,NA,NA,MON gram_52_NB
4240,gram_53_NB,gram_53_NB,NB,gram,43.618509,3.936176,2017,NA,urban,NA,NA,MON gram_53_NB
4241,gram_54_NB,gram_54_NB,NB,gram,43.618288,3.937164,2012,NA,urban,NA,NA,MON gram_54_NB
4242,gram_56_NB,gram_56_NB,NB,gram,43.617481,3.938177,2011,NA,urban,NA,NA,MON gram_56_NB
4243,gram_57_NB,gram_57_NB,NB,gram,43.617252,3.937321,2011,NA,urban,NA,NA,MON gram_57_NB
4244,gram_58_NB,gram_58_NB,NB,gram,43.616677,3.93623,2011,NA,urban,NA,NA,MON gram_58_NB
4245,gram_61_NB,gram_61_NB,NB,gram,43.618049,3.934651,2013,NA,urban,NA,NA,MON gram_61_NB
4246,gram_8_NB,gram_8_NB,NB,gram,43.618937,3.927156,2011,NA,urban,NA,NA,MON gram_8_NB
4247,gram_9_NB,gram_9_NB,NB,gram,43.619033,3.928254,2011,NA,urban,NA,NA,MON gram_9_NB
4292,mas_10_NB,mas_10_NB,NB,mas,43.58451,3.859284,2012,NA,urban,NA,NA,MON mas_10_NB
4293,mas_12_NB,mas_12_NB,NB,mas,43.581067,3.86534,2012,NA,urban,NA,NA,MON mas_12_NB
4294,mas_13_NB,mas_13_NB,NB,mas,43.580371,3.867215,2012,NA,urban,NA,NA,MON mas_13_NB
4295,mas_14_NB,mas_14_NB,NB,mas,43.578838,3.865166,2012,NA,urban,NA,NA,MON mas_14_NB
4296,mas_15_NB,mas_15_NB,NB,mas,43.578478,3.866582,2014,NA,urban,NA,NA,MON mas_15_NB
4297,mas_17_NB,mas_17_NB,NB,mas,43.575838,3.867847,2011,NA,urban,NA,NA,MON mas_17_NB
4298,mas_19_NB,mas_19_NB,NB,mas,43.577482,3.868557,2011,NA,urban,NA,NA,MON mas_19_NB
4299,mas_2_NB,mas_2_NB,NB,mas,43.587452,3.853505,2014,NA,urban,NA,NA,MON mas_2_NB
4300,mas_20_NB,mas_20_NB,NB,mas,43.579233,3.869089,2012,NA,urban,NA,NA,MON mas_20_NB
4301,mas_21_NB,mas_21_NB,NB,mas,43.582719,3.864412,2011,NA,urban,NA,NA,MON mas_21_NB
4302,mas_23_NB,mas_23_NB,NB,mas,43.58372,3.866666,2011,NA,urban,NA,NA,MON mas_23_NB
4303,mas_24_NB,mas_24_NB,NB,mas,43.582021,3.868263,2013,NA,urban,NA,NA,MON mas_24_NB
4305,mas_26_NB,mas_26_NB,NB,mas,43.580605,3.86921,2013,NA,urban,NA,NA,MON mas_26_NB
4306,mas_28_NB,mas_28_NB,NB,mas,43.585431,3.860723,2011,NA,urban,NA,NA,MON mas_28_NB
4307,mas_30_NB,mas_30_NB,NB,mas,43.588554,3.861235,2011,NA,urban,NA,NA,MON mas_30_NB
4308,mas_31_NB,mas_31_NB,NB,mas,43.589132,3.862001,2011,NA,urban,NA,NA,MON mas_31_NB
4309,mas_32_NB,mas_32_NB,NB,mas,43.589829,3.862701,2011,NA,urban,NA,NA,MON mas_32_NB
4310,mas_34_NB,mas_34_NB,NB,mas,43.590872,3.862527,2011,NA,urban,NA,NA,MON mas_34_NB
4311,mas_37_NB,mas_37_NB,NB,mas,43.587894,3.866567,2011,NA,urban,NA,NA,MON mas_37_NB
4312,mas_38_NB,mas_38_NB,NB,mas,43.587445,3.867898,2012,NA,urban,NA,NA,MON mas_38_NB
4313,mas_4_NB,mas_4_NB,NB,mas,43.587555,3.854595,2014,NA,urban,NA,NA,MON mas_4_NB
4314,mas_40_NB,mas_40_NB,NB,mas,43.58721,3.862887,2011,NA,urban,NA,NA,MON mas_40_NB
4315,mas_41_NB,mas_41_NB,NB,mas,43.587151,3.863757,2012,NA,urban,NA,NA,MON mas_41_NB
4316,mas_42_NB,mas_42_NB,NB,mas,43.586809,3.864003,2012,NA,urban,NA,NA,MON mas_42_NB
4317,mas_43_NB,mas_43_NB,NB,mas,43.587721,3.862471,2012,NA,urban,NA,NA,MON mas_43_NB
4318,mas_5_NB,mas_5_NB,NB,mas,43.586341,3.855509,2011,NA,urban,NA,NA,MON mas_5_NB
4319,mas_6_NB,mas_6_NB,NB,mas,43.585557,3.855753,2013,NA,urban,NA,NA,MON mas_6_NB
4320,mas_7_NB,mas_7_NB,NB,mas,43.584518,3.856106,2013,NA,urban,NA,NA,MON mas_7_NB
4321,mas_8_NB,mas_8_NB,NB,mas,43.584756,3.857245,2011,NA,urban,NA,NA,MON mas_8_NB
4385,mos_12_NB,mos_12_NB,NB,mos,43.638739,3.814999,2011,NA,urban,NA,NA,MON mos_12_NB
4386,mos_16_NB,mos_16_NB,NB,mos,43.639806,3.80935,2011,NA,urban,NA,NA,MON mos_16_NB
4387,mos_17_NB,mos_17_NB,NB,mos,43.63882,3.811675,2012,NA,urban,NA,NA,MON mos_17_NB
4388,mos_18_NB,mos_18_NB,NB,mos,43.638467,3.812412,2012,NA,urban,NA,NA,MON mos_18_NB
4389,mos_19_NB,mos_19_NB,NB,mos,43.636599,3.812805,2014,NA,urban,NA,NA,MON mos_19_NB
4390,mos_2_NB,mos_2_NB,NB,mos,43.637969,3.817108,2011,NA,urban,NA,NA,MON mos_2_NB
4391,mos_22_NB,mos_22_NB,NB,mos,NA,NA,2012,NA,urban,NA,NA,MON mos_22_NB
4392,mos_23_NB,mos_23_NB,NB,mos,43.635061,3.809282,2011,NA,urban,NA,NA,MON mos_23_NB
4393,mos_24_NB,mos_24_NB,NB,mos,43.636374,3.814054,2012,NA,urban,NA,NA,MON mos_24_NB
4394,mos_27_NB,mos_27_NB,NB,mos,NA,NA,2011,NA,urban,NA,NA,MON mos_27_NB
4395,mos_28_NB,mos_28_NB,NB,mos,NA,NA,2011,NA,urban,NA,NA,MON mos_28_NB
4396,mos_29_NB,mos_29_NB,NB,mos,43.629445,3.816156,2012,NA,urban,NA,NA,MON mos_29_NB
4397,mos_3_NB,mos_3_NB,NB,mos,43.639001,3.817598,2012,NA,urban,NA,NA,MON mos_3_NB
4398,mos_30_NB,mos_30_NB,NB,mos,43.630636,3.818717,2011,NA,urban,NA,NA,MON mos_30_NB
4399,mos_38_NB,mos_38_NB,NB,mos,43.637676,3.814834,2014,NA,urban,NA,NA,MON mos_38_NB
4400,mos_41_NB,mos_41_NB,NB,mos,NA,NA,2013,NA,urban,NA,NA,MON mos_41_NB
4401,mos_43_NB,mos_43_NB,NB,mos,43.635224,3.811936,2013,NA,urban,NA,NA,MON mos_43_NB
4402,mos_44_NB,mos_44_NB,NB,mos,43.636481,3.813744,2018,NA,urban,NA,NA,MON mos_44_NB
4403,mos_45_NB,mos_45_NB,NB,mos,43.639812,3.81534,2013,NA,urban,NA,NA,MON mos_45_NB
4404,mos_6_NB,mos_6_NB,NB,mos,NA,NA,2011,NA,urban,NA,NA,MON mos_6_NB
4405,mos_9_NB,mos_9_NB,NB,mos,NA,NA,2011,NA,urban,NA,NA,MON mos_9_NB
5125,rou_0_NB,rou_0_NB,NB,rou,43.664075,3.669504,1994,NA,deciduous,NA,NA,ROU rou_0_NB
5127,rou_1_NB,rou_1_NB,NB,rou,43.658987,3.667927,1994,NA,deciduous,NA,NA,ROU rou_1_NB
5129,rou_10_NB,rou_10_NB,NB,rou,43.662725,3.668061,1991,NA,deciduous,NA,NA,ROU rou_10_NB
5130,rou_100_NB,rou_100_NB,NB,rou,43.670359,3.663955,1991,NA,deciduous,NA,NA,ROU rou_100_NB
5132,rou_101_NB,rou_101_NB,NB,rou,43.670898,3.664368,1991,NA,deciduous,NA,NA,ROU rou_101_NB
5133,rou_102_NB,rou_102_NB,NB,rou,43.6712,3.664705,1991,NA,deciduous,NA,NA,ROU rou_102_NB
5135,rou_103_NB,rou_103_NB,NB,rou,43.67142,3.665043,1991,NA,deciduous,NA,NA,ROU rou_103_NB
5136,rou_106_NB,rou_106_NB,NB,rou,43.670682,3.662901,1993,NA,deciduous,NA,NA,ROU rou_106_NB
5137,rou_107_NB,rou_107_NB,NB,rou,43.67084,3.662706,1994,NA,deciduous,NA,NA,ROU rou_107_NB
5138,rou_108_NB,rou_108_NB,NB,rou,43.670634,3.662412,1993,NA,deciduous,NA,NA,ROU rou_108_NB
5139,rou_109_NB,rou_109_NB,NB,rou,43.670431,3.662111,1994,NA,deciduous,NA,NA,ROU rou_109_NB
5141,rou_11_NB,rou_11_NB,NB,rou,43.662624,3.66707,1992,NA,deciduous,NA,NA,ROU rou_11_NB
5142,rou_110_NB,rou_110_NB,NB,rou,43.670348,3.661712,1993,NA,deciduous,NA,NA,ROU rou_110_NB
5143,rou_111_NB,rou_111_NB,NB,rou,43.670183,3.661248,1994,NA,deciduous,NA,NA,ROU rou_111_NB
5144,rou_114_NB,rou_114_NB,NB,rou,43.669321,3.661361,1993,NA,deciduous,NA,NA,ROU rou_114_NB
5145,rou_115_NB,rou_115_NB,NB,rou,43.66907,3.661365,1993,NA,deciduous,NA,NA,ROU rou_115_NB
5146,rou_116_NB,rou_116_NB,NB,rou,43.668803,3.661333,1994,NA,deciduous,NA,NA,ROU rou_116_NB
5147,rou_12_NB,rou_12_NB,NB,rou,43.662301,3.667226,1991,NA,deciduous,NA,NA,ROU rou_12_NB
5148,rou_120_NB,rou_120_NB,NB,rou,43.667768,3.6613,1994,NA,deciduous,NA,NA,ROU rou_120_NB
5149,rou_122_NB,rou_122_NB,NB,rou,43.667217,3.66131,1994,NA,deciduous,NA,NA,ROU rou_122_NB
5150,rou_123_NB,rou_123_NB,NB,rou,43.666933,3.661331,1993,NA,deciduous,NA,NA,ROU rou_123_NB
5151,rou_124_NB,rou_124_NB,NB,rou,43.666653,3.661328,1993,NA,deciduous,NA,NA,ROU rou_124_NB
5152,rou_125_NB,rou_125_NB,NB,rou,43.666364,3.661341,1994,NA,deciduous,NA,NA,ROU rou_125_NB
5153,rou_126_NB,rou_126_NB,NB,rou,43.666044,3.661387,1994,NA,deciduous,NA,NA,ROU rou_126_NB
5154,rou_127_NB,rou_127_NB,NB,rou,43.665731,3.661401,1994,NA,deciduous,NA,NA,ROU rou_127_NB
5155,rou_128_NB,rou_128_NB,NB,rou,43.665434,3.661443,1994,NA,deciduous,NA,NA,ROU rou_128_NB
5156,rou_129_NB,rou_129_NB,NB,rou,43.665125,3.66147,1995,NA,deciduous,NA,NA,ROU rou_129_NB
5158,rou_13_NB,rou_13_NB,NB,rou,43.661726,3.667155,1997,NA,deciduous,NA,NA,ROU rou_13_NB
5159,rou_130_NB,rou_130_NB,NB,rou,43.664858,3.66153,1993,NA,deciduous,NA,NA,ROU rou_130_NB
5160,rou_131_NB,rou_131_NB,NB,rou,43.664573,3.661627,1994,NA,deciduous,NA,NA,ROU rou_131_NB
5161,rou_132_NB,rou_132_NB,NB,rou,43.664232,3.661747,1994,NA,deciduous,NA,NA,ROU rou_132_NB
5162,rou_133_NB,rou_133_NB,NB,rou,43.663942,3.661843,1994,NA,deciduous,NA,NA,ROU rou_133_NB
5163,rou_134_NB,rou_134_NB,NB,rou,43.663668,3.661894,1993,NA,deciduous,NA,NA,ROU rou_134_NB
5164,rou_135_NB,rou_135_NB,NB,rou,43.663415,3.661903,1994,NA,deciduous,NA,NA,ROU rou_135_NB
5165,rou_137_NB,rou_137_NB,NB,rou,43.662853,3.661915,1994,NA,deciduous,NA,NA,ROU rou_137_NB
5166,rou_139_NB,rou_139_NB,NB,rou,43.662338,3.661935,1993,NA,deciduous,NA,NA,ROU rou_139_NB
5168,rou_14_NB,rou_14_NB,NB,rou,43.661337,3.667204,1994,NA,deciduous,NA,NA,ROU rou_14_NB
5170,rou_140_NB,rou_140_NB,NB,rou,43.6622,3.661744,1994,NA,deciduous,NA,NA,ROU rou_140_NB
5171,rou_141_NB,rou_141_NB,NB,rou,43.661845,3.661754,1994,NA,deciduous,NA,NA,ROU rou_141_NB
5173,rou_142_NB,rou_142_NB,NB,rou,43.661255,3.661639,1993,NA,deciduous,NA,NA,ROU rou_142_NB
5174,rou_15_NB,rou_15_NB,NB,rou,43.660901,3.667299,1992,NA,deciduous,NA,NA,ROU rou_15_NB
5176,rou_150_NB,rou_150_NB,NB,rou,43.668755,3.669743,1993,NA,deciduous,NA,NA,ROU rou_150_NB
5178,rou_151_NB,rou_151_NB,NB,rou,43.668476,3.670089,1993,NA,deciduous,NA,NA,ROU rou_151_NB
5179,rou_152_NB,rou_152_NB,NB,rou,43.66827,3.670408,1993,NA,deciduous,NA,NA,ROU rou_152_NB
5181,rou_153_NB,rou_153_NB,NB,rou,43.66783,3.670775,1993,NA,deciduous,NA,NA,ROU rou_153_NB
5183,rou_154_NB,rou_154_NB,NB,rou,43.669333,3.671257,1993,NA,deciduous,NA,NA,ROU rou_154_NB
5185,rou_155_NB,rou_155_NB,NB,rou,43.668489,3.671018,1994,NA,deciduous,NA,NA,ROU rou_155_NB
5186,rou_156_NB,rou_156_NB,NB,rou,43.66796,3.6708,1993,NA,deciduous,NA,NA,ROU rou_156_NB
5187,rou_157_NB,rou_157_NB,NB,rou,43.667561,3.670699,1994,NA,deciduous,NA,NA,ROU rou_157_NB
5188,rou_158_NB,rou_158_NB,NB,rou,43.667402,3.670691,1993,NA,deciduous,NA,NA,ROU rou_158_NB
5189,rou_159_NB,rou_159_NB,NB,rou,43.667248,3.67051,1994,NA,deciduous,NA,NA,ROU rou_159_NB
5191,rou_16_NB,rou_16_NB,NB,rou,43.659987,3.667386,1994,NA,deciduous,NA,NA,ROU rou_16_NB
5192,rou_160_NB,rou_160_NB,NB,rou,43.667187,3.670512,1993,NA,deciduous,NA,NA,ROU rou_160_NB
5194,rou_161_NB,rou_161_NB,NB,rou,43.666873,3.67028,1995,NA,deciduous,NA,NA,ROU rou_161_NB
5195,rou_162_NB,rou_162_NB,NB,rou,43.666492,3.670143,1994,NA,deciduous,NA,NA,ROU rou_162_NB
5197,rou_163_NB,rou_163_NB,NB,rou,43.66614,3.670088,1995,NA,deciduous,NA,NA,ROU rou_163_NB
5198,rou_164_NB,rou_164_NB,NB,rou,43.66603,3.669879,1993,NA,deciduous,NA,NA,ROU rou_164_NB
5200,rou_165_NB,rou_165_NB,NB,rou,43.665529,3.669706,1995,NA,deciduous,NA,NA,ROU rou_165_NB
5201,rou_166_NB,rou_166_NB,NB,rou,43.665749,3.669839,1995,NA,deciduous,NA,NA,ROU rou_166_NB
5202,rou_167_NB,rou_167_NB,NB,rou,43.665199,3.669663,1994,NA,deciduous,NA,NA,ROU rou_167_NB
5203,rou_168_NB,rou_168_NB,NB,rou,43.664651,3.669398,1993,NA,deciduous,NA,NA,ROU rou_168_NB
5205,rou_169_NB,rou_169_NB,NB,rou,43.664721,3.669393,1994,NA,deciduous,NA,NA,ROU rou_169_NB
5206,rou_17_NB,rou_17_NB,NB,rou,43.659377,3.667304,1992,NA,deciduous,NA,NA,ROU rou_17_NB
5207,rou_170_NB,rou_170_NB,NB,rou,43.664775,3.669441,1994,NA,deciduous,NA,NA,ROU rou_170_NB
5209,rou_171_NB,rou_171_NB,NB,rou,43.664308,3.669227,1993,NA,deciduous,NA,NA,ROU rou_171_NB
5210,rou_172_NB,rou_172_NB,NB,rou,43.66402,3.669121,1994,NA,deciduous,NA,NA,ROU rou_172_NB
5211,rou_173_NB,rou_173_NB,NB,rou,43.663725,3.6689,1993,NA,deciduous,NA,NA,ROU rou_173_NB
5213,rou_175_NB,rou_175_NB,NB,rou,43.662961,3.668667,1994,NA,deciduous,NA,NA,ROU rou_175_NB
5215,rou_176_NB,rou_176_NB,NB,rou,43.661856,3.671294,1993,NA,deciduous,NA,NA,ROU rou_176_NB
5216,rou_177_NB,rou_177_NB,NB,rou,43.6617,3.670987,1994,NA,deciduous,NA,NA,ROU rou_177_NB
5218,rou_178_NB,rou_178_NB,NB,rou,43.661573,3.670581,1993,NA,deciduous,NA,NA,ROU rou_178_NB
5219,rou_179_NB,rou_179_NB,NB,rou,43.661563,3.670369,1994,NA,deciduous,NA,NA,ROU rou_179_NB
5220,rou_18_NB,rou_18_NB,NB,rou,43.658981,3.667101,1992,NA,deciduous,NA,NA,ROU rou_18_NB
5221,rou_180_NB,rou_180_NB,NB,rou,43.661483,3.669979,1996,NA,deciduous,NA,NA,ROU rou_180_NB
5222,rou_181_NB,rou_181_NB,NB,rou,43.661357,3.66968,1993,NA,deciduous,NA,NA,ROU rou_181_NB
5224,rou_182_NB,rou_182_NB,NB,rou,43.661146,3.669336,1994,NA,deciduous,NA,NA,ROU rou_182_NB
5225,rou_183_NB,rou_183_NB,NB,rou,43.661024,3.669047,1994,NA,deciduous,NA,NA,ROU rou_183_NB
5227,rou_184_NB,rou_184_NB,NB,rou,43.660889,3.668673,1995,NA,deciduous,NA,NA,ROU rou_184_NB
5228,rou_185_NB,rou_185_NB,NB,rou,43.661729,3.669744,1994,NA,deciduous,NA,NA,ROU rou_185_NB
5229,rou_186_NB,rou_186_NB,NB,rou,43.661938,3.669491,1994,NA,deciduous,NA,NA,ROU rou_186_NB
5230,rou_187_NB,rou_187_NB,NB,rou,43.671635,3.665377,1994,NA,deciduous,NA,NA,ROU rou_187_NB
5231,rou_189_NB,rou_189_NB,NB,rou,43.671853,3.66608,1993,NA,deciduous,NA,NA,ROU rou_189_NB
5233,rou_19_NB,rou_19_NB,NB,rou,43.658676,3.666746,1994,NA,deciduous,NA,NA,ROU rou_19_NB
5234,rou_190_NB,rou_190_NB,NB,rou,43.67203,3.666361,1994,NA,deciduous,NA,NA,ROU rou_190_NB
5235,rou_191_NB,rou_191_NB,NB,rou,43.6722,3.666638,1993,NA,deciduous,NA,NA,ROU rou_191_NB
5236,rou_192_NB,rou_192_NB,NB,rou,43.672419,3.666921,1994,NA,deciduous,NA,NA,ROU rou_192_NB
5238,rou_193_NB,rou_193_NB,NB,rou,43.669478,3.667776,1997,NA,deciduous,NA,NA,ROU rou_193_NB
5239,rou_194_NB,rou_194_NB,NB,rou,43.669532,3.667678,1994,NA,deciduous,NA,NA,ROU rou_194_NB
5241,rou_2_NB,rou_2_NB,NB,rou,43.659467,3.668019,1992,NA,deciduous,NA,NA,ROU rou_2_NB
5242,rou_20_NB,rou_20_NB,NB,rou,43.65877,3.666055,1991,NA,deciduous,NA,NA,ROU rou_20_NB
5243,rou_201_NB,rou_201_NB,NB,rou,43.67047,3.667129,1994,NA,deciduous,NA,NA,ROU rou_201_NB
5244,rou_202_NB,rou_202_NB,NB,rou,43.670082,3.666496,1995,NA,deciduous,NA,NA,ROU rou_202_NB
5245,rou_203_NB,rou_203_NB,NB,rou,43.669788,3.666019,1995,NA,deciduous,NA,NA,ROU rou_203_NB
5246,rou_204_NB,rou_204_NB,NB,rou,43.669525,3.665599,1996,NA,deciduous,NA,NA,ROU rou_204_NB
5248,rou_205_NB,rou_205_NB,NB,rou,43.669393,3.665222,1994,NA,deciduous,NA,NA,ROU rou_205_NB
5249,rou_206_NB,rou_206_NB,NB,rou,43.669105,3.664705,1995,NA,deciduous,NA,NA,ROU rou_206_NB
5250,rou_207_NB,rou_207_NB,NB,rou,43.668949,3.664322,1994,NA,deciduous,NA,NA,ROU rou_207_NB
5251,rou_208_NB,rou_208_NB,NB,rou,43.671501,3.667264,1995,NA,deciduous,NA,NA,ROU rou_208_NB
5253,rou_209_NB,rou_209_NB,NB,rou,43.672093,3.66651,1995,NA,deciduous,NA,NA,ROU rou_209_NB
5255,rou_21_NB,rou_21_NB,NB,rou,43.65919,3.666086,1991,NA,deciduous,NA,NA,ROU rou_21_NB
5256,rou_210_NB,rou_210_NB,NB,rou,43.671915,3.66623,1994,NA,deciduous,NA,NA,ROU rou_210_NB
5258,rou_211_NB,rou_211_NB,NB,rou,43.671694,3.665586,1994,NA,deciduous,NA,NA,ROU rou_211_NB
5260,rou_212_NB,rou_212_NB,NB,rou,43.670749,3.663274,1994,NA,deciduous,NA,NA,ROU rou_212_NB
5261,rou_213_NB,rou_213_NB,NB,rou,43.670458,3.662834,1995,NA,deciduous,NA,NA,ROU rou_213_NB
5263,rou_214_NB,rou_214_NB,NB,rou,43.670118,3.662877,1995,NA,deciduous,NA,NA,ROU rou_214_NB
5264,rou_215_NB,rou_215_NB,NB,rou,43.669691,3.662901,1995,NA,deciduous,NA,NA,ROU rou_215_NB
5266,rou_216_NB,rou_216_NB,NB,rou,43.669279,3.662844,1996,NA,deciduous,NA,NA,ROU rou_216_NB
5268,rou_217_NB,rou_217_NB,NB,rou,43.668673,3.662856,1995,NA,deciduous,NA,NA,ROU rou_217_NB
5269,rou_218_NB,rou_218_NB,NB,rou,43.668309,3.662854,1996,NA,deciduous,NA,NA,ROU rou_218_NB
5271,rou_219_NB,rou_219_NB,NB,rou,43.667922,3.662837,1996,NA,deciduous,NA,NA,ROU rou_219_NB
5273,rou_22_NB,rou_22_NB,NB,rou,43.659698,3.66635,1992,NA,deciduous,NA,NA,ROU rou_22_NB
5274,rou_220_NB,rou_220_NB,NB,rou,43.667339,3.66285,1995,NA,deciduous,NA,NA,ROU rou_220_NB
5275,rou_221_NB,rou_221_NB,NB,rou,43.666976,3.66288,1995,NA,deciduous,NA,NA,ROU rou_221_NB
5277,rou_222_NB,rou_222_NB,NB,rou,43.666524,3.662849,1994,NA,deciduous,NA,NA,ROU rou_222_NB
5279,rou_223_NB,rou_223_NB,NB,rou,43.666583,3.662134,1994,NA,deciduous,NA,NA,ROU rou_223_NB
5280,rou_224_NB,rou_224_NB,NB,rou,43.667057,3.662113,1994,NA,deciduous,NA,NA,ROU rou_224_NB
5282,rou_225_NB,rou_225_NB,NB,rou,43.66748,3.662037,1995,NA,deciduous,NA,NA,ROU rou_225_NB
5283,rou_226_NB,rou_226_NB,NB,rou,43.667881,3.662063,1995,NA,deciduous,NA,NA,ROU rou_226_NB
5285,rou_227_NB,rou_227_NB,NB,rou,43.6684,3.662013,1995,NA,deciduous,NA,NA,ROU rou_227_NB
5286,rou_228_NB,rou_228_NB,NB,rou,43.668781,3.661995,1997,NA,deciduous,NA,NA,ROU rou_228_NB
5287,rou_229_NB,rou_229_NB,NB,rou,43.669271,3.661974,1995,NA,deciduous,NA,NA,ROU rou_229_NB
5288,rou_23_NB,rou_23_NB,NB,rou,43.66009,3.666458,1991,NA,deciduous,NA,NA,ROU rou_23_NB
5289,rou_230_NB,rou_230_NB,NB,rou,43.669805,3.662114,1995,NA,deciduous,NA,NA,ROU rou_230_NB
5290,rou_231_NB,rou_231_NB,NB,rou,43.670245,3.662161,1994,NA,deciduous,NA,NA,ROU rou_231_NB
5291,rou_232_NB,rou_232_NB,NB,rou,43.670679,3.662272,1994,NA,deciduous,NA,NA,ROU rou_232_NB
5293,rou_233_NB,rou_233_NB,NB,rou,43.67049,3.661677,1995,NA,deciduous,NA,NA,ROU rou_233_NB
5295,rou_234_NB,rou_234_NB,NB,rou,43.670044,3.661415,1995,NA,deciduous,NA,NA,ROU rou_234_NB
5297,rou_235_NB,rou_235_NB,NB,rou,43.669648,3.661403,1994,NA,deciduous,NA,NA,ROU rou_235_NB
5298,rou_236_NB,rou_236_NB,NB,rou,43.669209,3.661407,1994,NA,deciduous,NA,NA,ROU rou_236_NB
5299,rou_237_NB,rou_237_NB,NB,rou,43.66875,3.66141,1995,NA,deciduous,NA,NA,ROU rou_237_NB
5301,rou_238_NB,rou_238_NB,NB,rou,43.6684,3.661358,1995,NA,deciduous,NA,NA,ROU rou_238_NB
5302,rou_239_NB,rou_239_NB,NB,rou,43.667908,3.661328,1996,NA,deciduous,NA,NA,ROU rou_239_NB
5304,rou_24_NB,rou_24_NB,NB,rou,43.660657,3.666514,1994,NA,deciduous,NA,NA,ROU rou_24_NB
5306,rou_240_NB,rou_240_NB,NB,rou,43.667367,3.661356,1994,NA,deciduous,NA,NA,ROU rou_240_NB
5307,rou_241_NB,rou_241_NB,NB,rou,43.666911,3.661331,1995,NA,deciduous,NA,NA,ROU rou_241_NB
5309,rou_242_NB,rou_242_NB,NB,rou,43.666588,3.661348,1995,NA,deciduous,NA,NA,ROU rou_242_NB
5311,rou_243_NB,rou_243_NB,NB,rou,43.657624,3.666653,1996,NA,deciduous,NA,NA,ROU rou_243_NB
5312,rou_244_NB,rou_244_NB,NB,rou,43.657878,3.666434,1995,NA,deciduous,NA,NA,ROU rou_244_NB
5313,rou_245_NB,rou_245_NB,NB,rou,43.657344,3.664672,1995,NA,deciduous,NA,NA,ROU rou_245_NB
5314,rou_246_NB,rou_246_NB,NB,rou,43.65757,3.66418,1996,NA,deciduous,NA,NA,ROU rou_246_NB
5315,rou_247_NB,rou_247_NB,NB,rou,43.657764,3.663617,1996,NA,deciduous,NA,NA,ROU rou_247_NB
5316,rou_248_NB,rou_248_NB,NB,rou,43.658081,3.663166,1996,NA,deciduous,NA,NA,ROU rou_248_NB
5318,rou_25_NB,rou_25_NB,NB,rou,43.661099,3.666478,1992,NA,deciduous,NA,NA,ROU rou_25_NB
5319,rou_250_NB,rou_250_NB,NB,rou,43.658907,3.662636,1995,NA,deciduous,NA,NA,ROU rou_250_NB
5320,rou_251_NB,rou_251_NB,NB,rou,43.659768,3.661996,1995,NA,deciduous,NA,NA,ROU rou_251_NB
5321,rou_252_NB,rou_252_NB,NB,rou,43.660263,3.662225,1996,NA,deciduous,NA,NA,ROU rou_252_NB
5322,rou_253_NB,rou_253_NB,NB,rou,43.660625,3.662358,1995,NA,deciduous,NA,NA,ROU rou_253_NB
5323,rou_255_NB,rou_255_NB,NB,rou,43.661313,3.662826,1995,NA,deciduous,NA,NA,ROU rou_255_NB
5324,rou_257_NB,rou_257_NB,NB,rou,43.662145,3.663145,1996,NA,deciduous,NA,NA,ROU rou_257_NB
5325,rou_258_NB,rou_258_NB,NB,rou,43.662515,3.663354,1996,NA,deciduous,NA,NA,ROU rou_258_NB
5326,rou_26_NB,rou_26_NB,NB,rou,43.662,3.666514,1991,NA,deciduous,NA,NA,ROU rou_26_NB
5327,rou_260_NB,rou_260_NB,NB,rou,43.663599,3.66384,1996,NA,deciduous,NA,NA,ROU rou_260_NB
5328,rou_263_NB,rou_263_NB,NB,rou,43.664038,3.664445,1996,NA,deciduous,NA,NA,ROU rou_263_NB
5329,rou_265_NB,rou_265_NB,NB,rou,43.663802,3.665718,1996,NA,deciduous,NA,NA,ROU rou_265_NB
5330,rou_266_NB,rou_266_NB,NB,rou,43.663392,3.665989,1996,NA,deciduous,NA,NA,ROU rou_266_NB
5331,rou_267_NB,rou_267_NB,NB,rou,43.663638,3.664966,1996,NA,deciduous,NA,NA,ROU rou_267_NB
5332,rou_268_NB,rou_268_NB,NB,rou,43.663367,3.664239,1995,NA,deciduous,NA,NA,ROU rou_268_NB
5333,rou_269_NB,rou_269_NB,NB,rou,43.664472,3.662238,1995,NA,deciduous,NA,NA,ROU rou_269_NB
5335,rou_27_NB,rou_27_NB,NB,rou,43.658869,3.66689,1995,NA,deciduous,NA,NA,ROU rou_27_NB
5337,rou_270_NB,rou_270_NB,NB,rou,43.661413,3.661922,1996,NA,deciduous,NA,NA,ROU rou_270_NB
5339,rou_271_NB,rou_271_NB,NB,rou,43.660803,3.661494,1996,NA,deciduous,NA,NA,ROU rou_271_NB
5340,rou_272_NB,rou_272_NB,NB,rou,43.660662,3.661819,1996,NA,deciduous,NA,NA,ROU rou_272_NB
5342,rou_28_NB,rou_28_NB,NB,rou,43.66241,3.666511,1991,NA,deciduous,NA,NA,ROU rou_28_NB
5343,rou_29_NB,rou_29_NB,NB,rou,43.662752,3.666471,2000,NA,deciduous,NA,NA,ROU rou_29_NB
5345,rou_3_NB,rou_3_NB,NB,rou,43.659841,3.668089,1992,NA,deciduous,NA,NA,ROU rou_3_NB
5346,rou_30_NB,rou_30_NB,NB,rou,43.662922,3.66619,1992,NA,deciduous,NA,NA,ROU rou_30_NB
5348,rou_301_NB,rou_301_NB,NB,rou,43.666179,3.664788,1999,NA,deciduous,NA,NA,ROU rou_301_NB
5349,rou_302_NB,rou_302_NB,NB,rou,43.66644,3.665824,2001,NA,deciduous,NA,NA,ROU rou_302_NB
5351,rou_303_NB,rou_303_NB,NB,rou,43.666504,3.666797,1999,NA,deciduous,NA,NA,ROU rou_303_NB
5353,rou_305_NB,rou_305_NB,NB,rou,43.667111,3.668437,2002,NA,deciduous,NA,NA,ROU rou_305_NB
5355,rou_306_NB,rou_306_NB,NB,rou,43.665793,3.662424,2002,NA,deciduous,NA,NA,ROU rou_306_NB
5357,rou_307_NB,rou_307_NB,NB,rou,43.664982,3.661643,2002,NA,deciduous,NA,NA,ROU rou_307_NB
5359,rou_308_NB,rou_308_NB,NB,rou,43.670747,3.662727,2002,NA,deciduous,NA,NA,ROU rou_308_NB
5361,rou_309_NB,rou_309_NB,NB,rou,43.671535,3.668124,2002,NA,deciduous,NA,NA,ROU rou_309_NB
5363,rou_31_NB,rou_31_NB,NB,rou,43.662365,3.665924,1991,NA,deciduous,NA,NA,ROU rou_31_NB
5365,rou_310_NB,rou_310_NB,NB,rou,43.671224,3.669631,2002,NA,deciduous,NA,NA,ROU rou_310_NB
5367,rou_311_NB,rou_311_NB,NB,rou,43.670683,3.670424,2002,NA,deciduous,NA,NA,ROU rou_311_NB
5369,rou_312_NB,rou_312_NB,NB,rou,43.670175,3.671095,2002,NA,deciduous,NA,NA,ROU rou_312_NB
5371,rou_313_NB,rou_313_NB,NB,rou,43.669605,3.671573,2002,NA,deciduous,NA,NA,ROU rou_313_NB
5373,rou_314_NB,rou_314_NB,NB,rou,43.668762,3.67121,2002,NA,deciduous,NA,NA,ROU rou_314_NB
5375,rou_315_NB,rou_315_NB,NB,rou,43.662294,3.672349,2002,NA,deciduous,NA,NA,ROU rou_315_NB
5376,rou_316_NB,rou_316_NB,NB,rou,43.662236,3.673622,2002,NA,deciduous,NA,NA,ROU rou_316_NB
5377,rou_317_NB,rou_317_NB,NB,rou,43.662354,3.675219,2002,NA,deciduous,NA,NA,ROU rou_317_NB
5379,rou_318_NB,rou_318_NB,NB,rou,43.662333,3.677046,2002,NA,deciduous,NA,NA,ROU rou_318_NB
5381,rou_319_NB,rou_319_NB,NB,rou,43.663531,3.676274,2002,NA,deciduous,NA,NA,ROU rou_319_NB
5382,rou_32_NB,rou_32_NB,NB,rou,43.662063,3.66583,1992,NA,deciduous,NA,NA,ROU rou_32_NB
5384,rou_320_NB,rou_320_NB,NB,rou,43.663924,3.674176,2003,NA,deciduous,NA,NA,ROU rou_320_NB
5386,rou_321_NB,rou_321_NB,NB,rou,43.664297,3.672287,2002,NA,deciduous,NA,NA,ROU rou_321_NB
5387,rou_322_NB,rou_322_NB,NB,rou,43.663944,3.670493,2002,NA,deciduous,NA,NA,ROU rou_322_NB
5389,rou_323_NB,rou_323_NB,NB,rou,43.663059,3.669546,2002,NA,deciduous,NA,NA,ROU rou_323_NB
5390,rou_324_NB,rou_324_NB,NB,rou,43.6539548,3.6770021,2007,NA,deciduous,NA,NA,ROU rou_324_NB
5392,rou_325_NB,rou_325_NB,NB,rou,43.654388,3.677131,2008,NA,deciduous,NA,NA,ROU rou_325_NB
5394,rou_326_NB,rou_326_NB,NB,rou,43.655218,3.677341,2010,NA,deciduous,NA,NA,ROU rou_326_NB
5395,rou_327_NB,rou_327_NB,NB,rou,43.655972,3.677416,2009,NA,deciduous,NA,NA,ROU rou_327_NB
5397,rou_328_NB,rou_328_NB,NB,rou,43.656628,3.677735,2008,NA,deciduous,NA,NA,ROU rou_328_NB
5399,rou_329_NB,rou_329_NB,NB,rou,43.657415,3.677614,2008,NA,deciduous,NA,NA,ROU rou_329_NB
5401,rou_33_NB,rou_33_NB,NB,rou,43.661449,3.665762,1994,NA,deciduous,NA,NA,ROU rou_33_NB
5403,rou_330_NB,rou_330_NB,NB,rou,43.658349,3.677409,2008,NA,deciduous,NA,NA,ROU rou_330_NB
5405,rou_331_NB,rou_331_NB,NB,rou,43.659508,3.677388,2009,NA,deciduous,NA,NA,ROU rou_331_NB
5406,rou_332_NB,rou_332_NB,NB,rou,43.660411,3.677865,2009,NA,deciduous,NA,NA,ROU rou_332_NB
5408,rou_333_NB,rou_333_NB,NB,rou,43.66098,3.677735,2008,NA,deciduous,NA,NA,ROU rou_333_NB
5410,rou_334_NB,rou_334_NB,NB,rou,43.661727,3.677568,2008,NA,deciduous,NA,NA,ROU rou_334_NB
5412,rou_335_NB,rou_335_NB,NB,rou,43.663111,3.677943,2008,NA,deciduous,NA,NA,ROU rou_335_NB
5414,rou_336_NB,rou_336_NB,NB,rou,43.664214,3.678208,2008,NA,deciduous,NA,NA,ROU rou_336_NB
5416,rou_337_NB,rou_337_NB,NB,rou,43.664804,3.679115,2008,NA,deciduous,NA,NA,ROU rou_337_NB
5417,rou_338_NB,rou_338_NB,NB,rou,43.665548,3.679139,2009,NA,deciduous,NA,NA,ROU rou_338_NB
5419,rou_339_NB,rou_339_NB,NB,rou,43.666397,3.679111,2008,NA,deciduous,NA,NA,ROU rou_339_NB
5420,rou_34_NB,rou_34_NB,NB,rou,43.661169,3.66568,1991,NA,deciduous,NA,NA,ROU rou_34_NB
5421,rou_340_NB,rou_340_NB,NB,rou,43.667205,3.678979,2009,NA,deciduous,NA,NA,ROU rou_340_NB
5422,rou_341_NB,rou_341_NB,NB,rou,43.668201,3.679316,2008,NA,deciduous,NA,NA,ROU rou_341_NB
5424,rou_342_NB,rou_342_NB,NB,rou,43.668877,3.679321,2008,NA,deciduous,NA,NA,ROU rou_342_NB
5426,rou_343_NB,rou_343_NB,NB,rou,43.669738,3.679092,2008,NA,deciduous,NA,NA,ROU rou_343_NB
5428,rou_344_NB,rou_344_NB,NB,rou,43.67026,3.678389,2008,NA,deciduous,NA,NA,ROU rou_344_NB
5430,rou_345_NB,rou_345_NB,NB,rou,43.670948,3.677769,2008,NA,deciduous,NA,NA,ROU rou_345_NB
5431,rou_346_NB,rou_346_NB,NB,rou,43.671714,3.676676,2009,NA,deciduous,NA,NA,ROU rou_346_NB
5432,rou_347_NB,rou_347_NB,NB,rou,43.672312,3.676476,2008,NA,deciduous,NA,NA,ROU rou_347_NB
5434,rou_348_NB,rou_348_NB,NB,rou,43.672991,3.676662,2008,NA,deciduous,NA,NA,ROU rou_348_NB
5435,rou_349_NB,rou_349_NB,NB,rou,43.673862,3.676352,2009,NA,deciduous,NA,NA,ROU rou_349_NB
5436,rou_35_NB,rou_35_NB,NB,rou,43.660659,3.66554,1994,NA,deciduous,NA,NA,ROU rou_35_NB
5437,rou_350_NB,rou_350_NB,NB,rou,43.674217,3.675245,2008,NA,deciduous,NA,NA,ROU rou_350_NB
5439,rou_351_NB,rou_351_NB,NB,rou,43.673956,3.674053,2008,NA,deciduous,NA,NA,ROU rou_351_NB
5441,rou_352_NB,rou_352_NB,NB,rou,43.673799,3.672833,2008,NA,deciduous,NA,NA,ROU rou_352_NB
5442,rou_353_NB,rou_353_NB,NB,rou,43.673876,3.671588,2008,NA,deciduous,NA,NA,ROU rou_353_NB
5444,rou_354_NB,rou_354_NB,NB,rou,43.674009,3.670509,2008,NA,deciduous,NA,NA,ROU rou_354_NB
5446,rou_355_NB,rou_355_NB,NB,rou,43.673597,3.669328,2008,NA,deciduous,NA,NA,ROU rou_355_NB
5448,rou_356_NB,rou_356_NB,NB,rou,43.673473,3.668401,2008,NA,deciduous,NA,NA,ROU rou_356_NB
5450,rou_357_NB,rou_357_NB,NB,rou,43.673064,3.667355,2008,NA,deciduous,NA,NA,ROU rou_357_NB
5452,rou_358_NB,rou_358_NB,NB,rou,43.665068,3.678181,2009,NA,deciduous,NA,NA,ROU rou_358_NB
5454,rou_359_NB,rou_359_NB,NB,rou,43.665728,3.677975,2008,NA,deciduous,NA,NA,ROU rou_359_NB
5456,rou_36_NB,rou_36_NB,NB,rou,43.661553,3.666501,1992,NA,deciduous,NA,NA,ROU rou_36_NB
5458,rou_360_NB,rou_360_NB,NB,rou,43.666336,3.676996,2008,NA,deciduous,NA,NA,ROU rou_360_NB
5459,rou_361_NB,rou_361_NB,NB,rou,43.666499,3.675741,2008,NA,deciduous,NA,NA,ROU rou_361_NB
5460,rou_362_NB,rou_362_NB,NB,rou,43.666725,3.674887,2008,NA,deciduous,NA,NA,ROU rou_362_NB
5462,rou_363_NB,rou_363_NB,NB,rou,43.667253,3.673949,2008,NA,deciduous,NA,NA,ROU rou_363_NB
5464,rou_364_NB,rou_364_NB,NB,rou,43.66741,3.672652,2008,NA,deciduous,NA,NA,ROU rou_364_NB
5466,rou_365_NB,rou_365_NB,NB,rou,43.66755,3.671419,2008,NA,deciduous,NA,NA,ROU rou_365_NB
5467,rou_366_NB,rou_366_NB,NB,rou,43.657312,3.677084,2012,NA,deciduous,NA,NA,ROU rou_366_NB
5469,rou_367_NB,rou_367_NB,NB,rou,43.65777,3.676032,2008,NA,deciduous,NA,NA,ROU rou_367_NB
5471,rou_368_NB,rou_368_NB,NB,rou,43.657989,3.675152,2009,NA,deciduous,NA,NA,ROU rou_368_NB
5472,rou_369_NB,rou_369_NB,NB,rou,43.658332,3.674251,2008,NA,deciduous,NA,NA,ROU rou_369_NB
5474,rou_37_NB,rou_37_NB,NB,rou,43.660294,3.665502,1992,NA,deciduous,NA,NA,ROU rou_37_NB
5476,rou_370_NB,rou_370_NB,NB,rou,43.65856,3.673211,2008,NA,deciduous,NA,NA,ROU rou_370_NB
5477,rou_371_NB,rou_371_NB,NB,rou,43.659422,3.673058,2008,NA,deciduous,NA,NA,ROU rou_371_NB
5479,rou_372_NB,rou_372_NB,NB,rou,43.659817,3.672408,2008,NA,deciduous,NA,NA,ROU rou_372_NB
5480,rou_373_NB,rou_373_NB,NB,rou,43.660109,3.671325,2008,NA,deciduous,NA,NA,ROU rou_373_NB
5481,rou_374_NB,rou_374_NB,NB,rou,43.6602,3.670235,2008,NA,deciduous,NA,NA,ROU rou_374_NB
5482,rou_375_NB,rou_375_NB,NB,rou,43.660147,3.669291,2008,NA,deciduous,NA,NA,ROU rou_375_NB
5484,rou_38_NB,rou_38_NB,NB,rou,43.659771,3.665059,1992,NA,deciduous,NA,NA,ROU rou_38_NB
5486,rou_39_NB,rou_39_NB,NB,rou,43.659215,3.665161,1992,NA,deciduous,NA,NA,ROU rou_39_NB
5488,rou_4_NB,rou_4_NB,NB,rou,43.66023,3.66821,1991,NA,deciduous,NA,NA,ROU rou_4_NB
5489,rou_40_NB,rou_40_NB,NB,rou,43.658837,3.665165,1992,NA,deciduous,NA,NA,ROU rou_40_NB
5490,rou_402_NB,rou_402_NB,NB,rou,43.671158,3.672198,2015,NA,deciduous,NA,NA,ROU rou_402_NB
5491,rou_404_NB,rou_404_NB,NB,rou,43.672384,3.672827,2015,NA,deciduous,NA,NA,ROU rou_404_NB
5492,rou_405_NB,rou_405_NB,NB,rou,43.673055,3.673049,2015,NA,deciduous,NA,NA,ROU rou_405_NB
5493,rou_406_NB,rou_406_NB,NB,rou,43.671879,3.673269,2015,NA,deciduous,NA,NA,ROU rou_406_NB
5495,rou_41_NB,rou_41_NB,NB,rou,43.659098,3.663924,1992,NA,deciduous,NA,NA,ROU rou_41_NB
5496,rou_410_NB,rou_410_NB,NB,rou,43.67488,3.674302,2015,NA,deciduous,NA,NA,ROU rou_410_NB
5497,rou_411_NB,rou_411_NB,NB,rou,43.675147,3.673291,2015,NA,deciduous,NA,NA,ROU rou_411_NB
5498,rou_413_NB,rou_413_NB,NB,rou,43.676044,3.670692,2015,NA,deciduous,NA,NA,ROU rou_413_NB
5499,rou_414_NB,rou_414_NB,NB,rou,43.676238,3.669171,2015,NA,deciduous,NA,NA,ROU rou_414_NB
5500,rou_416_NB,rou_416_NB,NB,rou,43.6773,3.667099,2015,NA,deciduous,NA,NA,ROU rou_416_NB
5501,rou_418_NB,rou_418_NB,NB,rou,43.675569,3.665283,2015,NA,deciduous,NA,NA,ROU rou_418_NB
5502,rou_42_NB,rou_42_NB,NB,rou,43.659473,3.664163,1996,NA,deciduous,NA,NA,ROU rou_42_NB
5503,rou_420_NB,rou_420_NB,NB,rou,43.674196,3.664416,2015,NA,deciduous,NA,NA,ROU rou_420_NB
5504,rou_422_NB,rou_422_NB,NB,rou,43.673434,3.663755,2015,NA,deciduous,NA,NA,ROU rou_422_NB
5505,rou_423_NB,rou_423_NB,NB,rou,43.673513,3.6641,2015,NA,deciduous,NA,NA,ROU rou_423_NB
5506,rou_424_NB,rou_424_NB,NB,rou,43.672666,3.663252,2015,NA,deciduous,NA,NA,ROU rou_424_NB
5507,rou_427_NB,rou_427_NB,NB,rou,43.671859,3.663076,2015,NA,deciduous,NA,NA,ROU rou_427_NB
5508,rou_429_NB,rou_429_NB,NB,rou,43.671021,3.662423,2015,NA,deciduous,NA,NA,ROU rou_429_NB
5510,rou_43_NB,rou_43_NB,NB,rou,43.660066,3.664377,1991,NA,deciduous,NA,NA,ROU rou_43_NB
5511,rou_430_NB,rou_430_NB,NB,rou,43.6706,3.661607,2015,NA,deciduous,NA,NA,ROU rou_430_NB
5512,rou_44_NB,rou_44_NB,NB,rou,43.66045,3.664489,1992,NA,deciduous,NA,NA,ROU rou_44_NB
5514,rou_45_NB,rou_45_NB,NB,rou,43.660953,3.664603,1992,NA,deciduous,NA,NA,ROU rou_45_NB
5515,rou_46_NB,rou_46_NB,NB,rou,43.661335,3.664715,1994,NA,deciduous,NA,NA,ROU rou_46_NB
5517,rou_47_NB,rou_47_NB,NB,rou,43.661802,3.664857,1991,NA,deciduous,NA,NA,ROU rou_47_NB
5518,rou_48_NB,rou_48_NB,NB,rou,43.662232,3.665024,2000,NA,deciduous,NA,NA,ROU rou_48_NB
5520,rou_49_NB,rou_49_NB,NB,rou,43.662646,3.665114,1992,NA,deciduous,NA,NA,ROU rou_49_NB
5521,rou_5_NB,rou_5_NB,NB,rou,43.660778,3.668378,1992,NA,deciduous,NA,NA,ROU rou_5_NB
5523,rou_50_NB,rou_50_NB,NB,rou,43.663095,3.665226,1991,NA,deciduous,NA,NA,ROU rou_50_NB
5525,rou_51_NB,rou_51_NB,NB,rou,43.663181,3.664872,1992,NA,deciduous,NA,NA,ROU rou_51_NB
5527,rou_52_NB,rou_52_NB,NB,rou,43.662683,3.66465,1994,NA,deciduous,NA,NA,ROU rou_52_NB
5529,rou_53_NB,rou_53_NB,NB,rou,43.662184,3.664418,1992,NA,deciduous,NA,NA,ROU rou_53_NB
5531,rou_54_NB,rou_54_NB,NB,rou,43.66186,3.664234,1994,NA,deciduous,NA,NA,ROU rou_54_NB
5533,rou_55_NB,rou_55_NB,NB,rou,43.66143,3.663989,1992,NA,deciduous,NA,NA,ROU rou_55_NB
5535,rou_56_NB,rou_56_NB,NB,rou,43.660971,3.663735,1991,NA,deciduous,NA,NA,ROU rou_56_NB
5537,rou_57_NB,rou_57_NB,NB,rou,43.66052,3.663585,1991,NA,deciduous,NA,NA,ROU rou_57_NB
5539,rou_58_NB,rou_58_NB,NB,rou,43.660087,3.663416,1991,NA,deciduous,NA,NA,ROU rou_58_NB
5541,rou_59_NB,rou_59_NB,NB,rou,43.659704,3.663253,1992,NA,deciduous,NA,NA,ROU rou_59_NB
5543,rou_6_NB,rou_6_NB,NB,rou,43.661216,3.668376,1992,NA,deciduous,NA,NA,ROU rou_6_NB
5545,rou_60_NB,rou_60_NB,NB,rou,43.659301,3.663041,1991,NA,deciduous,NA,NA,ROU rou_60_NB
5547,rou_61_NB,rou_61_NB,NB,rou,43.6587,3.664535,1992,NA,deciduous,NA,NA,ROU rou_61_NB
5549,rou_62_NB,rou_62_NB,NB,rou,43.658496,3.665095,1992,NA,deciduous,NA,NA,ROU rou_62_NB
5551,rou_63_NB,rou_63_NB,NB,rou,43.658077,3.665359,1992,NA,deciduous,NA,NA,ROU rou_63_NB
5553,rou_64_NB,rou_64_NB,NB,rou,43.657723,3.665807,1992,NA,deciduous,NA,NA,ROU rou_64_NB
5555,rou_65_NB,rou_65_NB,NB,rou,43.6573667,3.6659836,1991,NA,deciduous,NA,NA,ROU rou_65_NB
5557,rou_66_NB,rou_66_NB,NB,rou,43.662321,3.662028,1992,NA,deciduous,NA,NA,ROU rou_66_NB
5559,rou_67_NB,rou_67_NB,NB,rou,43.662679,3.662299,1991,NA,deciduous,NA,NA,ROU rou_67_NB
5561,rou_68_NB,rou_68_NB,NB,rou,43.663175,3.66233,1991,NA,deciduous,NA,NA,ROU rou_68_NB
5563,rou_69_NB,rou_69_NB,NB,rou,43.663522,3.66244,1991,NA,deciduous,NA,NA,ROU rou_69_NB
5565,rou_7_NB,rou_7_NB,NB,rou,43.661559,3.668417,1994,NA,deciduous,NA,NA,ROU rou_7_NB
5567,rou_70_NB,rou_70_NB,NB,rou,43.664037,3.66265,1992,NA,deciduous,NA,NA,ROU rou_70_NB
5569,rou_71_NB,rou_71_NB,NB,rou,43.664412,3.662903,1991,NA,deciduous,NA,NA,ROU rou_71_NB
5571,rou_72_NB,rou_72_NB,NB,rou,43.664843,3.662934,1991,NA,deciduous,NA,NA,ROU rou_72_NB
5573,rou_73_NB,rou_73_NB,NB,rou,43.665185,3.663135,1991,NA,deciduous,NA,NA,ROU rou_73_NB
5575,rou_74_NB,rou_74_NB,NB,rou,43.665786,3.663211,1992,NA,deciduous,NA,NA,ROU rou_74_NB
5577,rou_75_NB,rou_75_NB,NB,rou,43.66611,3.663611,1991,NA,deciduous,NA,NA,ROU rou_75_NB
5578,rou_76_NB,rou_76_NB,NB,rou,43.666657,3.663598,1992,NA,deciduous,NA,NA,ROU rou_76_NB
5580,rou_77_NB,rou_77_NB,NB,rou,43.66691,3.663619,1992,NA,deciduous,NA,NA,ROU rou_77_NB
5581,rou_78_NB,rou_78_NB,NB,rou,43.667514,3.663604,1991,NA,deciduous,NA,NA,ROU rou_78_NB
5583,rou_79_NB,rou_79_NB,NB,rou,43.668001,3.663841,1992,NA,deciduous,NA,NA,ROU rou_79_NB
5584,rou_8_NB,rou_8_NB,NB,rou,43.662127,3.668547,1992,NA,deciduous,NA,NA,ROU rou_8_NB
5585,rou_80_NB,rou_80_NB,NB,rou,43.668082,3.664345,1991,NA,deciduous,NA,NA,ROU rou_80_NB
5587,rou_81_NB,rou_81_NB,NB,rou,43.668301,3.664821,1991,NA,deciduous,NA,NA,ROU rou_81_NB
5588,rou_82_NB,rou_82_NB,NB,rou,43.668416,3.665341,1992,NA,deciduous,NA,NA,ROU rou_82_NB
5590,rou_83_NB,rou_83_NB,NB,rou,43.668887,3.666029,1992,NA,deciduous,NA,NA,ROU rou_83_NB
5592,rou_84_NB,rou_84_NB,NB,rou,43.669201,3.666509,1991,NA,deciduous,NA,NA,ROU rou_84_NB
5594,rou_85_NB,rou_85_NB,NB,rou,43.669508,3.667383,1992,NA,deciduous,NA,NA,ROU rou_85_NB
5596,rou_86_NB,rou_86_NB,NB,rou,43.66988,3.667232,1991,NA,deciduous,NA,NA,ROU rou_86_NB
5597,rou_87_NB,rou_87_NB,NB,rou,43.670292,3.667565,1991,NA,deciduous,NA,NA,ROU rou_87_NB
5598,rou_88_NB,rou_88_NB,NB,rou,43.670725,3.6674,1994,NA,deciduous,NA,NA,ROU rou_88_NB
5600,rou_89_NB,rou_89_NB,NB,rou,43.671128,3.6669,1991,NA,deciduous,NA,NA,ROU rou_89_NB
5601,rou_9_NB,rou_9_NB,NB,rou,43.662478,3.668408,1993,NA,deciduous,NA,NA,ROU rou_9_NB
5602,rou_90_NB,rou_90_NB,NB,rou,43.671128,3.666436,1991,NA,deciduous,NA,NA,ROU rou_90_NB
5603,rou_909_NB,rou_909_NB,NB,rou,43.672444,3.6669,1998,NA,deciduous,NA,NA,ROU rou_909_NB
5604,rou_91_NB,rou_91_NB,NB,rou,43.670865,3.666013,1991,NA,deciduous,NA,NA,ROU rou_91_NB
5606,rou_92_NB,rou_92_NB,NB,rou,43.670544,3.665469,1992,NA,deciduous,NA,NA,ROU rou_92_NB
5608,rou_93_NB,rou_93_NB,NB,rou,43.670314,3.664985,1995,NA,deciduous,NA,NA,ROU rou_93_NB
5609,rou_94_NB,rou_94_NB,NB,rou,43.670111,3.664684,1991,NA,deciduous,NA,NA,ROU rou_94_NB
5610,rou_95_NB,rou_95_NB,NB,rou,43.669721,3.664115,1992,NA,deciduous,NA,NA,ROU rou_95_NB
5611,rou_96_NB,rou_96_NB,NB,rou,43.669337,3.663697,1991,NA,deciduous,NA,NA,ROU rou_96_NB
5613,rou_97_NB,rou_97_NB,NB,rou,43.668908,3.663634,1991,NA,deciduous,NA,NA,ROU rou_97_NB
5615,rou_98_NB,rou_98_NB,NB,rou,43.668432,3.663797,1991,NA,deciduous,NA,NA,ROU rou_98_NB
5617,rou_99_NB,rou_99_NB,NB,rou,43.670028,3.663551,1992,NA,deciduous,NA,NA,ROU rou_99_NB
5748,val_1_NB,val_1_NB,NB,val,NA,NA,2007,NA,urban,NA,NA,MON val_1_NB
5749,val_10_NB,val_10_NB,NB,val,NA,NA,2007,NA,urban,NA,NA,MON val_10_NB
5750,val_15_NB,val_15_NB,NB,val,NA,NA,2007,NA,urban,NA,NA,MON val_15_NB
5751,val_16_NB,val_16_NB,NB,val,NA,NA,2007,NA,urban,NA,NA,MON val_16_NB
5752,val_17_NB,val_17_NB,NB,val,NA,NA,2007,NA,urban,NA,NA,MON val_17_NB
5753,val_18_NB,val_18_NB,NB,val,NA,NA,2007,NA,urban,NA,NA,MON val_18_NB
5754,val_19_NB,val_19_NB,NB,val,NA,NA,2007,NA,urban,NA,NA,MON val_19_NB
5755,val_2_NB,val_2_NB,NB,val,NA,NA,2007,NA,urban,NA,NA,MON val_2_NB
5756,val_20_NB,val_20_NB,NB,val,NA,NA,2007,NA,urban,NA,NA,MON val_20_NB
5757,val_21_NB,val_21_NB,NB,val,NA,NA,2007,NA,urban,NA,NA,MON val_21_NB
5758,val_23_NB,val_23_NB,NB,val,NA,NA,2007,NA,urban,NA,NA,MON val_23_NB
5759,val_26_NB,val_26_NB,NB,val,NA,NA,2007,NA,urban,NA,NA,MON val_26_NB
5760,val_29_NB,val_29_NB,NB,val,NA,NA,2007,NA,urban,NA,NA,MON val_29_NB
5762,val_30_NB,val_30_NB,NB,val,NA,NA,2007,NA,urban,NA,NA,MON val_30_NB
5763,val_4_NB,val_4_NB,NB,val,NA,NA,2007,NA,urban,NA,NA,MON val_4_NB
5764,val_5_NB,val_5_NB,NB,val,NA,NA,2007,NA,urban,NA,NA,MON val_5_NB
5765,val_8_NB,val_8_NB,NB,val,NA,NA,2007,NA,urban,NA,NA,MON val_8_NB
5975,zoo_0_NB,zoo_0_NB,NB,zoo,43.642433,3.87759,2011,NA,urban,NA,NA,MON zoo_0_NB
5976,zoo_11_NB,zoo_11_NB,NB,zoo,43.640719,3.886428,2012,NA,urban,NA,NA,MON zoo_11_NB
5977,zoo_14_NB,zoo_14_NB,NB,zoo,43.641871,3.885185,2011,NA,urban,NA,NA,MON zoo_14_NB
5978,zoo_15_NB,zoo_15_NB,NB,zoo,43.642141,3.883969,2011,NA,urban,NA,NA,MON zoo_15_NB
5979,zoo_17_NB,zoo_17_NB,NB,zoo,43.64226,3.88247,2011,NA,urban,NA,NA,MON zoo_17_NB
5980,zoo_18_NB,zoo_18_NB,NB,zoo,43.642201,3.881469,2016,NA,urban,NA,NA,MON zoo_18_NB
5981,zoo_19_NB,zoo_19_NB,NB,zoo,43.64162,3.880856,2011,NA,urban,NA,NA,MON zoo_19_NB
5982,zoo_20_NB,zoo_20_NB,NB,zoo,43.641643,3.879931,2012,NA,urban,NA,NA,MON zoo_20_NB
5983,zoo_23_NB,zoo_23_NB,NB,zoo,43.640151,3.875771,2011,NA,urban,NA,NA,MON zoo_23_NB
5984,zoo_25_NB,zoo_25_NB,NB,zoo,43.641213,3.877157,2011,NA,urban,NA,NA,MON zoo_25_NB
5985,zoo_26_NB,zoo_26_NB,NB,zoo,43.641773,3.876829,2011,NA,urban,NA,NA,MON zoo_26_NB
5986,zoo_27_NB,zoo_27_NB,NB,zoo,43.641088,3.876127,2012,NA,urban,NA,NA,MON zoo_27_NB
5987,zoo_3_NB,zoo_3_NB,NB,zoo,43.640101,3.877965,2011,NA,urban,NA,NA,MON zoo_3_NB
5988,zoo_30_NB,zoo_30_NB,NB,zoo,43.641476,3.874874,2011,NA,urban,NA,NA,MON zoo_30_NB
5989,zoo_31_NB,zoo_31_NB,NB,zoo,43.641872,3.875958,2012,NA,urban,NA,NA,MON zoo_31_NB
5990,zoo_32_NB,zoo_32_NB,NB,zoo,43.642065,3.876668,2016,NA,urban,NA,NA,MON zoo_32_NB
5991,zoo_33_NB,zoo_33_NB,NB,zoo,43.642896,3.876747,2011,NA,urban,NA,NA,MON zoo_33_NB
5992,zoo_34_NB,zoo_34_NB,NB,zoo,43.642965,3.875623,2012,NA,urban,NA,NA,MON zoo_34_NB
5993,zoo_35_NB,zoo_35_NB,NB,zoo,43.642871,3.874612,2012,NA,urban,NA,NA,MON zoo_35_NB
5994,zoo_36_NB,zoo_36_NB,NB,zoo,43.642356,3.873713,2011,NA,urban,NA,NA,MON zoo_36_NB
5995,zoo_37_NB,zoo_37_NB,NB,zoo,43.641805,3.872998,2011,NA,urban,NA,NA,MON zoo_37_NB
5996,zoo_38_NB,zoo_38_NB,NB,zoo,43.643511,3.874523,2012,NA,urban,NA,NA,MON zoo_38_NB
5997,zoo_4_NB,zoo_4_NB,NB,zoo,43.640643,3.878968,2011,NA,urban,NA,NA,MON zoo_4_NB
5998,zoo_40_NB,zoo_40_NB,NB,zoo,43.644056,3.872879,2011,NA,urban,NA,NA,MON zoo_40_NB
5999,zoo_42_NB,zoo_42_NB,NB,zoo,43.644521,3.874829,2011,NA,urban,NA,NA,MON zoo_42_NB
6000,zoo_46_NB,zoo_46_NB,NB,zoo,43.643971,3.877098,2011,NA,urban,NA,NA,MON zoo_46_NB
6001,zoo_47_NB,zoo_47_NB,NB,zoo,43.644679,3.877703,2011,NA,urban,NA,NA,MON zoo_47_NB
6002,zoo_48_NB,zoo_48_NB,NB,zoo,43.645424,3.878512,2011,NA,urban,NA,NA,MON zoo_48_NB
6003,zoo_51_NB,zoo_51_NB,NB,zoo,43.643812,3.87823,2012,NA,urban,NA,NA,MON zoo_51_NB
6004,zoo_53_NB,zoo_53_NB,NB,zoo,43.643662,3.880692,2011,NA,urban,NA,NA,MON zoo_53_NB
6005,zoo_56_NB,zoo_56_NB,NB,zoo,43.644726,3.881329,2011,NA,urban,NA,NA,MON zoo_56_NB
6006,zoo_61_NB,zoo_61_NB,NB,zoo,43.642637,3.886487,2011,NA,urban,NA,NA,MON zoo_61_NB
6007,zoo_62_NB,zoo_62_NB,NB,zoo,43.642314,3.880526,2011,NA,urban,NA,NA,MON zoo_62_NB
6008,zoo_63_NB,zoo_63_NB,NB,zoo,43.642704,3.878871,2011,NA,urban,NA,NA,MON zoo_63_NB
6009,zoo_64_NB,zoo_64_NB,NB,zoo,43.642651,3.877588,2014,NA,urban,NA,NA,MON zoo_64_NB
6010,zoo_67_NB,zoo_67_NB,NB,zoo,43.641504,3.869896,2011,NA,urban,NA,NA,MON zoo_67_NB
6011,zoo_69_NB,zoo_69_NB,NB,zoo,43.639937,3.869829,2015,NA,urban,NA,NA,MON zoo_69_NB
6012,zoo_7_NB,zoo_7_NB,NB,zoo,43.641014,3.882648,2011,NA,urban,NA,NA,MON zoo_7_NB
6013,zoo_8_NB,zoo_8_NB,NB,zoo,43.641091,3.883746,2013,NA,urban,NA,NA,MON zoo_8_NB
6014,zoo_9_NB,zoo_9_NB,NB,zoo,43.640677,3.884223,2011,NA,urban,NA,NA,MON zoo_9_NB