souche_1;souche_2;souche_3;souche_4;souche_5;stade;station ;ad nichoir;sex;obs;sta.nic;urb_level;urb_level_city;average_urb_level;habitat
PARUS74;PARUS72;;;;adulte;gram;44;1;AC;gram.44;1,001017814;1,259167966;0,254;urb
SYBOR22;PYCGPI03;PARUS77;PARUS74;PARUS72;adulte;gram;44;2;AC;gram.44;1,001017814;1,259167966;0,254;urb
PARUS70;CYCAE02;;;;adulte;font;17;2;VD;font.17;-0,789341043;-0,46640164;-0,854;urb
PYCGPI03;PARUS82;PARUS77;PARUS73;PARUS4;adulte;mas;24;2;VD;mas.24;-1,790063115;-1,416775794;-2,383;urb
PYCGPI03;PARUS82;PARUS77;PARUS73;PARUS4;adulte;mas;24;1;VD;mas.24;-1,790063115;-1,416775794;-2,383;urb
SYBOR22;PYCGPI03;PARUS82;PARUS77;PARUS74;adulte;mos;43;2;AC;mos.43;-0,825048848;-0,487594621;-0,865;urb
PARUS82;PARUS77;PARUS73;PARUS4;PARUS18;adulte;mas;37;1;AC;mas.37;-1,716343906;-1,04317161;-2,383;urb
PARUS74;;;;;adulte;mas;37;2;AC;mas.37;-1,716343906;-1,04317161;-2,383;urb
PARUS70;CYCAE02;;;;adulte;zoo;63;1;AC;zoo.63;-0,937353317;1,2951535;0,687;urb
SYBOR22;PARUS74;PARUS72;PARUS4;PARUS18;adulte;zoo;63;2;AC;zoo.63;-0,937353317;1,2951535;0,687;urb
SYBOR22;PYCGPI03;PARUS77;PARUS74;PARUS72;adulte;mos;23;2;VD;mos.23;-0,559920157;-0,212649993;-0,865;urb
PYCGPI03;PARUS82;PARUS77;PARUS73;PARUS4;adulte;mos;23;1;VD;mos.23;-0,559920157;-0,212649993;-0,865;urb
SYBOR22;PYCGPI03;PARUS82;PARUS77;PARUS74;adulte;gram;56;2;AC;gram.56;0,141519692;0,403237867;0,254;urb
PARUS73;;;;;adulte;gram;56;1;AC;gram.56;0,141519692;0,403237867;0,254;urb
PARUS74;PARUS72;;;;adulte;zoo;9;2;AC;zoo.9;1,17637317;1,433795372;0,687;urb
SYBOR27;SYBOR08;SFC7;PLONIG15;PFC2;adulte;zoo;9;1;AC;zoo.9;1,17637317;1,433795372;0,687;urb
PARUS19;;;;;adulte;zoo;64;2;AC;zoo.64;0,766093358;1,40815822;0,687;urb
PARUS81;PARUS70;CYACAE02;;;adulte;zoo;64;1;AC;zoo.64;0,766093358;1,40815822;0,687;urb
PARUS74;PARUS72;;;;adulte;zoo;31;2;AC;zoo.31;0,475305519;0,736239484;0,687;urb
PARUS27;SYBOR08;SFC7;PFC2;PARUS74;adulte;zoo;31;1;AC;zoo.31;0,475305519;0,736239484;0,687;urb
PARUS77;PARUS4;PARUS18;;;adulte;mas;43;2;AC;mas.43;-1,693448052;-1,07575741;-2,383;urb
negatif;;;;;adulte;mas;43;1;AC;mas.43;-1,693448052;-1,07575741;-2,383;urb
PARUS74;PARUS72;;;;adulte;mas;42;2;AC;mas.42;0,240918659;0,563545476;-2,383;urb
SYBOR27;SYBOR08;SFC7;PFC2;PARUS74;adulte;zoo;7;1;AC;zoo.7;1,176263395;1,433686052;0,687;urb
SYBOR22;PYCGPI03;PARUS82;PARUS77;PARUS74;adulte;zoo;23;1;AC;zoo.23;0,963484064;1,41295905;0,687;urb
SYBOR27;SYBOR08;SFC7;PFC2;PARUS74;adulte;zoo;23;2;AC;zoo.23;0,963484064;1,41295905;0,687;urb
PYCGPI03;PARUS82;PARUS77;PARUS73;PARUS4;adulte;font;18;2;AC;font.18;-0,776532807;-0,377641031;-0,854;urb
SYBOR22;PARUS74;PARUS72;PARUS4;PARUS18;adulte;font;16;2;AC;font.16;-1,650960342;-1,120882509;-0,854;urb
PARUS70;CYCAE02;;;;adulte;font;29;1;AC;font.29;-1,550811478;-0,877068562;-0,854;urb
SYBOR22;SPISEN05;PYCGPI03;PARUS83;PARUS82;adulte;font;29;2;AC;font.29;-1,550811478;-0,877068562;-0,854;urb
SYCON05;SYBOR33;SYBOR22;SYBOR06;PYCGPI03;adulte;gram;8;2;AC;gram.8;1,152235835;1,437068097;0,254;urb
PARUS16;;;;;adulte;gram;8;1;AC;gram.8;1,152235835;1,437068097;0,254;urb
PARUS82;PARUS77;PARUS73;PARUS4;PARUS18;adulte;mas;6;2;AC;mas.6;-1,951905552;-1,539712616;-2,383;urb
SYBOR22;PARUS74;PARUS72;PARUS4;PARUS18;adulte;mas;6;1;AC;mas.6;-1,951905552;-1,539712616;-2,383;urb
SYBOR27;SYBOR08;SFC7;PLONIG15;PFC2;adulte;font;2;2;VD;font.2;-0,485310472;0,008733556;-0,854;urb
SYBOR22;PYCGPI03;PARUS82;PARUS77;PARUS74;adulte;font;2;1;VD;font.2;-0,485310472;0,008733556;-0,854;urb
negatif;;;;;adulte;rou;82;2;AC;rou.82;1,239081317;0;1,221;urb
PARUS34;PARUS28;PARUS16;;;adulte;rou;84;2;VD;rou.84;1,239081317;0;1,221;urb
inexploitable;;;;;adulte;rou;84;1;VD;rou.84;1,239081317;0;1,221;urb
PARUS16;;;;;adulte;rou;354;2;AC;rou.354;1,2329778;0;1,221;urb
PARUS74;;;;;adulte;rou;242;2;AC;rou.242;1,15883983;0;1,221;urb
SYBOR22;PARUS74;PARUS72;PARUS44;PARUS18;adulte;rou;60;2;AC;rou.60;1,239061558;0;1,221;urb
PARUS82;PARUS77;PARUS73;PARUS4;PARUS18;adulte;rou;60;1;VD;rou.60;1,239061558;0;1,221;urb
SYCON05;SYBOR33;SYBOR27;SYBOR22;SYBOR08;adulte;rou;20;1;AG;rou.20;1,239059362;0;1,221;urb
PARUS74;PARUS72;;;;adulte;zoo;30;2;AC;zoo.30;0,627555327;0,969185409;0,687;urb
PARUS82;PARUS77;PARUS73;;;adulte;zoo;30;1;AC;zoo.30;0,627555327;0,969185409;0,687;urb
SYCON05;SYBOR33;SYBOR22;SYBOR08;SYBOR06;adulte;zoo;37;1;AC;zoo.37;1,070284292;1,329683858;0,687;urb
SYBOR27;SYBOR08;SFC7;PCF2;PARUS74;adulte;zoo;37;2;AC;zoo.37;1,070284292;1,329683858;0,687;urb
PARUS82;PARUS73;;;;adulte;zoo;36;1;AC;zoo.36;1,128232528;1,386456005;0,687;urb
PARUS74;;;;;adulte;mas;19;2;AC;mas.19;-2,556065115;-2,099190522;-2,383;urb
SYBOR27;SYBOR08;SFC7;PCF2;PARUS74;adulte;rou;340;2;AC;rou.340;1,167380363;0;1,221;urb
PARUS16;;;;;adulte;rou;340;1;AC;rou.340;1,167380363;0;1,221;urb
PARUS74;;;;;adulte;rou;102;2;AC;rou.102;1,239085708;0;1,221;urb
SYBOR22;PYCGPI03;PARUS82;PARUS77;PARUS74;adulte;rou;102;1;AC;rou.102;1,239085708;0;1,221;urb
inexploitable;;;;;adulte;rou;96;1;AC;rou.96;1,239083513;0;1,221;urb
inexploitable;;;;;adulte;rou;90;1;AC;rou.90;1,239085708;0;1,221;urb
PARUS4;;;;;adulte;rou;90;2;AC;rou.90;1,239085708;0;1,221;urb
PARUS4;PARUS18;PARUS26;;;adulte;rou;14;2;AFA;rou.14;1,239065949;0;1,221;urb
inexploitable;;;;;adulte;rou;34;1;AC;rou.34;1,239065949;0;1,221;urb
SYBOR22;PARUS74;PARUS72;PARUS4;PARUS18;adulte;rou;46;1;AFA;rou.46;1,239065949;0;1,221;urb
PARUS77;PARUS73;PARUS4;PARUS18;;adulte;rou;28;1;AC;rou.28;1,239068144;0;1,221;urb
inexploitable;;;;;adulte;rou;20;2;AC;rou.20;1,239059362;0;1,221;urb
inexploitable;;;;;adulte;zoo;3;1;AC;zoo.3;0,874696043;1,488398774;0,687;urb
PARUS4;PARUS18;;;;adulte;zoo;25;2;AC;zoo.25;0,746493062;1,19686884;0,687;urb
PARUS74;;;;;adulte;zoo;25;1;VD;zoo.25;0,746493062;1,19686884;0,687;urb
SYBOR27;SYBOR08;SFC7;PLONIG15;PCF2;adulte;zoo;11;2;AC;zoo.11;1,154363186;1,411876757;0,687;urb
SYBOR22;PYCGPI03;PARUS77;PARUS74;PARUS72;adulte;zoo;51;1;AC;zoo.51;0,425595613;1,614669752;0,687;urb
SYBOR22;PARUS74;PARUS72;PARUS4;PARUS18;adulte;zoo;61;2;AC;zoo.61;0,960913317;1,465018695;0,687;urb
SYBOR22;PARUS74;PARUS72;PARUS4;PARUS18;adulte;gram;14;2;AC;gram.14;1,168469336;1,425924348;0,254;urb
SYBOR27;SYBOR08;SFC7;PFC2;PARUS74;adulte;gram;14;1;AC;gram.14;1,168469336;1,425924348;0,254;urb
PARUS74;;;;;adulte;gram;17;1;AC;gram.17;1,075454764;1,442535347;0,254;urb
PARUS74;PARUS72;;;;adulte;gram;17;2;AC;gram.17;1,075454764;1,442535347;0,254;urb
SYBOR22;PARUS74;PARUS72;AFR215;;adulte;gram;36;2;AC;gram.36;-0,059283988;0,271362813;0,254;urb
SYBOR22;PARUS74;PARUS72;PARUS4;PARUS18;adulte;gram;36;1;AC;gram.36;-0,059283988;0,271362813;0,254;urb
PYCGPI03;PARUS82;PARUS77;PARUS73;PARUS4;adulte;gram;41;1;AC;gram.41;-0,322872282;0,017964803;0,254;urb
inexploitable;;;;;adulte;rou;54;1;AC;rou.54;1,239065949;0;1,221;urb
inexploitable;;;;;adulte;rou;54;2;AC;rou.54;1,239065949;0;1,221;urb
negatif;negatif;negatif;negatif;negatif;adulte;rou;56;2;AC;rou.56;1,239065949;0;1,221;urb
SYBOR22;PARUS74;;AFR215;;adulte;rou;56;1;AC;rou.56;1,239065949;0;1,221;urb
inexploitable;;;;;adulte;rou;8;1;AC;rou.8;1,239068144;0;1,221;urb
PARUS4;;;;;adulte;rou;8;2;AC;rou.8;1,239068144;0;1,221;urb
PARUS16;;;;;adulte;rou;4;1;AC;rou.4;1,239063753;0;1,221;urb
PARUS74;PARUS72;;;;adulte;rou;4;2;AC;rou.4;1,239063753;0;1,221;urb
negatif;negatif;negatif;negatif;negatif;adulte;rou;28;2;AC;rou.28;1,239068144;0;1,221;urb
SYBOR22;PARUS74;PARUS72;PARUS4;PARUS18;adulte;rou;222;1;AC;rou.222;1,239076926;0;1,221;urb
SYBOR22;PARUS74;PARUS72;PARUS4;PARUS18;adulte;rou;222;2;AC;rou.222;1,239076926;0;1,221;urb
PARUS74;;;;;adulte;rou;96;2;AC;rou.96;1,239083513;0;1,221;urb
PARUS4;;;;;adulte;rou;46;2;AFA;rou.46;1,239065949;0;1,221;urb
PYCGPI03;PARUS77;PARUS4;PARUS18;;adulte;mos;16;2;VD;mos.16;0,916108673;1,174611307;-0,865;urb
inexploitable;;;;;adulte;font;13;1;AG;font.13;-1,249326421;-0,875764243;-0,854;urb
inexploitable;;;;;adulte;rou;344;1;AC;rou.344;1,239083513;0;1,221;urb
PARUS4;;;;;adulte;rou;344;2;AC;rou.344;1,239083513;0;1,221;urb
inexploitable;;;;;adulte;rou;62;1;AC;rou.62;1,239059362;0;1,221;urb
inexploitable;;;;;adulte;rou;62;2;AC;rou.62;1,239059362;0;1,221;urb
inexploitable;;;;;adulte;rou;330;1;AC;rou.330;1,068850578;0;1,221;urb
inexploitable;;;;;adulte;rou;330;2;AC;rou.330;1,068850578;0;1,221;urb
inexploitable;;;;;adulte;rou;332;2;AC;rou.332;1,112128465;0;1,221;urb
inexploitable;;;;;adulte;zoo;19;2;AG;zoo.19;1,048416965;1,388299929;0,687;urb
SYBOR22;PARUS74;PARUS72;PARUS4;PARUS18;adulte;zoo;19;1;AG;zoo.19;1,048416965;1,388299929;0,687;urb
SYBOR22;SPISEN05;PYCGPI03;PARUS82;PARUS77;adulte;zoo;62;1;AG;zoo.62;1,010909474;1,352151002;0,687;urb
SYCON05;SYBOR33;SYBOR22;SYBOR06;PYCGPI03;adulte;zoo;62;2;AG;zoo.62;1,010909474;1,352151002;0,687;urb
PARUS72;HIRUS11;CINSOV02;ANLAT10;;adulte;zoo;67;1;AG;zoo.67;1,063761577;1,458200562;0,687;rur
SYBOR22;PYCGPI03;PARUS77;PARUS74;PARUS72;adulte;mas;4;1;AG;mas.4;-2,208400563;-1,796576662;-2,383;rur
inexploitable;;;;;adulte;mas;4;2;AG;mas.4;-2,208400563;-1,796576662;-2,383;rur
inexploitable;;;;;adulte;mas;5;1;AG;mas.5;-1,919491187;-1,506816606;-2,383;rur
inexploitable;;;;;adulte;mas;21;1;AG;mas.21;-2,467358094;-1,956325425;-2,383;urb
negatif;negatif;negatif;negatif;negatif;adulte;mas;21;2;AG;mas.21;-2,467358094;-1,956325425;-2,383;urb
SYBOR27;SYBOR08;SFC7;PFC2;PARUS74;adulte;font;9;2;AG;font.9;0,775380895;1,03446773;-0,854;urb
SYBOR22;PARUS74;PARUS72;PARUS4;PARUS18;adulte;gram;50;1;SC;gram.50;0,532149162;0,792245722;0,254;urb
PARUS77;PARUS4;;;;adulte;gram;50;2;SC;gram.50;0,532149162;0,792245722;0,254;urb
PARUS74;PARUS72;;;;adulte;gram;49;1;SC;gram.49;0,46701107;0,844715257;0,254;urb
inexploitable;;;;;adulte;gram;49;2;SC;gram.49;0,46701107;0,844715257;0,254;urb
PARUS70;CYCAE02;;;;adulte;gram;39;1;SC;gram.39;-0,888259784;0,054305128;0,254;urb
PYCGPI03;PARUS82;PARUS77;PARUS73;PARUS4;adulte;gram;39;2;SC;gram.39;-0,888259784;0,054305128;0,254;urb
SYBOR22;PARUS74;PARUS72;PARUS4;PARUS18;adulte;gram;9;2;SC;gram.9;1,23161878;1,488811641;0,254;urb
PYCGPI03;PARUS82;PARUS77;PARUS73;PARUS4;adulte;gram;9;1;SC;gram.9;1,23161878;1,488811641;0,254;urb
inexploitable;;;;;adulte;rou;352;2;VD;rou.352;1,200598424;0;1,221;urb
inexploitable;;;;;adulte;rou;342;2;VD;rou.342;1,183618352;0;1,221;urb
PARUS74;;;;;adulte;mas;34;2;VD;mas.34;-1,939464958;-1,52730851;-2,383;urb
negatif;;;;;adulte;mas;34;1;VD;mas.34;-1,939464958;-1,52730851;-2,383;urb
negatif;;;;;adulte;gram;52;2;AC;gram.52;0,455117607;0,742843808;0,254;urb
negatif;;;;;adulte;gram;52;1;AC;gram.52;0,455117607;0,742843808;0,254;urb
negatif;negatif;negatif;negatif;negatif;adulte;rou;22;2;VD;rou.22;1,239061558;0;1,221;urb
PYCGPI03;PARUS82;PARUS77;PARUS73;PARUS4;adulte;gram;10;1;AC;gram.10;0,231592242;0,555819221;0,254;urb
PARUS74;PARUS72;;;;adulte;font;18;1;VD;font.18;-0,776532807;-0,377641031;-0,854;urb
PARUS70;CYCAE02;;;;adulte;rou;324;1;PG;rou.324;0,961688348;0;1,221;urb
PARUS74;;;;;adulte;rou;88;2;PG;rou.88;1,239085708;0;1,221;urb
PARUS74;;;;;adulte;rou;202;2;PG;rou.202;1,239083513;0;1,221;urb
PARUS74;;;;;adulte;rou;332;1;PG;rou.332;1,112128465;0;1,221;urb
PARUS72;;;;;adulte;mas;31;1;VD;mas.31;-1,743068955;-1,231519414;-2,383;urb
SYBOR22;PARUS74;PARUS72;PARUS4;PARUS18;adulte;rou;336;2;CGE;rou.336;1,1612505;0;1,221;urb
PARUS74;PARUS19;;;;adulte;font;18;2;AG;font.18;-0,776532807;-0,377641031;-0,854;urb
PYCGPI03;PARUS77;PARUS4;PARUS18;;adulte;font;18;1;AG;font.18;-0,776532807;-0,377641031;-0,854;urb
SYBOR22;PYCGPI03;PARUS77;PARUS74;PARUS72;adulte;font;15;2;ACA;font.15;-2,704909921;-2,25348963;-0,854;urb
negatif;negatif;negatif;negatif;negatif;adulte;font;9;1;AC;font.9;0,775380895;1,03446773;-0,854;urb
SYBOR27;SYBOR08;SFC7;PFC2;PARUS74;adulte;font;9;2;AC;font.9;0,775380895;1,03446773;-0,854;urb
SYBOR22;PYCGPI03;PARUS77;PARUS74;PARUS72;adulte;font;6;1;AC;font.6;1,177354758;1,489392605;-0,854;urb
PARUS74;PARUS72;;;;adulte;font;6;2;AC;font.6;1,177354758;1,489392605;-0,854;urb
PYCGPI03;PARUS82;PARUS77;PARUS73;PARUS4;adulte;font;7;1;AC;font.7;1,109851573;1,394867012;-0,854;urb
PARUS16;;;;;adulte;font;16;1;AC;font.16;-1,650960342;-1,120882509;-0,854;urb
PARUS74;;;;;adulte;font;16;2;AC;font.16;-1,650960342;-1,120882509;-0,854;urb
PYCGPI03;PARUS82;PARUS77;PARUS73;PARUS4;adulte;font;19;2;AC;font.19;-1,99278499;-1,450152487;-0,854;urb
SYBOR22;PYCGPI03;PARUS77;PARUS4;PARUS18;adulte;font;25;2;AC;font.25;-2,291598567;-1,675383459;-0,854;urb
PARUS77;PARUS4;;;;adulte;font;19;1;ACA;font.19;-1,99278499;-1,450152487;-0,854;urb
SYBOR22;PYCGPI03;PARUS77;PARUS74;PARUS72;adulte;font;4;1;ACA;font.4;0,061487905;0,483441369;-0,854;urb
PYCGPI03;PARUS82;PARUS77;PARUS73;PARUS4;adulte;font;31;2;SP;font.31;-2,824622623;-2,335117607;-0,854;urb
SYBOR22;PARUS74;PARUS72;AFR215;;adulte;font;4;2;SP;font.4;0,061487905;0,483441369;-0,854;urb
PARUS73;;;;;adulte;font;31;1;ACA;font.31;-2,824622623;-2,335117607;-0,854;urb
PARUS77;PARUS73;PARUS4;PARUS18;;adulte;font;3;1;SP;font.3;-0,038638743;0,598274918;-0,854;urb
PARUS72;;;;;adulte;font;12;1;ACA;font.12;-0,706485126;-0,241818683;-0,854;urb
negatif;;;;;adulte;font;8;1;ACA;font.8;0,389978734;0,698654941;-0,854;urb
SYBOR22;PYCGPI03;PARUS77;PARUS74;PARUS72;adulte;font;12;2;SP;font.12;-0,706485126;-0,241818683;-0,854;urb
SYBOR22;PARUS74;PARUS72;PARUS4;PARUS18;adulte;font;8;2;SP;font.8;0,389978734;0,698654941;-0,854;urb
PYCTRI03;PYCGPI03;PARUS77;PARUS4;PARUS18;adulte;font;3;2;SP;font.3;-0,038638743;0,598274918;-0,854;urb
PARUS82;PARUS73;;;;adulte;font;1;1;ACA;font.1;-0,976204185;-0,150404904;-0,854;urb
PYCGPI03;PARUS82;PARUS77;PARUS73;PARUS4;adulte;font;17;1;ACA;font.17;-0,789341043;-0,46640164;-0,854;urb
SYBOR22;PYCGPI03;PARUS77;PARUS74;PARUS72;adulte;font;13;2;SP;font.13;-1,249326421;-0,875764243;-0,854;urb
SYBOR22;PYCGPI03;PARUS77;PARUS74;PARUS72;adulte;font;17;2;ACA;font.17;-0,789341043;-0,46640164;-0,854;urb
PARUS4;PARUS18;;;;adulte;font;2;1;SP;font.2;-0,485310472;0,008733556;-0,854;urb
PARUS82;PARUS77;PARUS73;PARUS4;PARUS18;adulte;font;8;1;CF;font.8;0,389978734;0,698654941;-0,854;urb
PARUS77;PARUS4;PARUS18;PARUS26;PARUS17;adulte;font;8;2;CF;font.8;0,389978734;0,698654941;-0,854;urb
PARUS70;CYACAE02;;;;adulte;gram;36;1;AC;gram.36;-0,059283988;0,271362813;0,254;urb
SYBOR22;PARUS74;PARUS72;AFR215;SYCON05;adulte;gram;36;2;AC;gram.36;-0,059283988;0,271362813;0,254;urb
PARUS74;;;;;adulte;gram;14;1;ACA;gram.14;1,168469336;1,425924348;0,254;urb
inexploitable;;;;;adulte;gram;14;2;ACA;gram.14;1,168469336;1,425924348;0,254;urb
negatif;negatif;negatif;negatif;negatif;adulte;gram;54;1;ACA;gram.54;0,425882103;0,686419809;0,254;urb
PARUS74;PARUS72;;;;adulte;gram;54;2;ACA;gram.54;0,425882103;0,686419809;0,254;urb
SYBOR22;PARUS77;PARUS72;AFR215;SYCON05;adulte;gram;56;1;ACA;gram.56;0,141519692;0,403237867;0,254;urb
SYBOR22;PARUS74;PARUS72;PARUS4;PARUS18;adulte;gram;56;2;ACA;gram.56;0,141519692;0,403237867;0,254;urb
PARUS16;;;;;adulte;gram;2;2;ACA;gram.2;0,15566769;0,448601481;0,254;urb
SYCON05;SYBOR33;SYBOR27;SYBOR22;SYBOR08;adulte;gram;2;1;ACA;gram.2;0,15566769;0,448601481;0,254;urb
SYBOR22;PYCGPI03;PARUS77;PARUS74;PARUS72;adulte;gram;34;2;SP;gram.34;-1,624977783;-0,810490785;0,254;urb
PARUS16;;;;;adulte;gram;34;1;SP;gram.34;-1,624977783;-0,810490785;0,254;urb
PARUS82;PARUS77;PARUS73;;;adulte;gram;7;2;ACA;gram.7;1,160185873;1,472294992;0,254;urb
negatif;;;;;adulte;gram;7;1;SP;gram.7;1,160185873;1,472294992;0,254;urb
SYBOR22;PARUS77;PARUS72;AFR215;;adulte;gram;57;1;SP;gram.57;0,389792315;0,65047984;0,254;urb
PARUS74;PARUS72;;;;adulte;gram;57;2;SP;gram.57;0,389792315;0,65047984;0,254;urb
inexploitable;;;;;adulte;mas;19;1;SP;mas.19;-2,556065115;-2,099190522;-2,383;urb
SYCON05;SYBOR33;SYBOR22;SYBOR06;SPISEN05;adulte;mas;19;2;AG;mas.19;-2,556065115;-2,099190522;-2,383;urb
PARUS74;PARUS72;;;;adulte;mas;23;2;CV;mas.23;-2,251634802;-1,740093191;-2,383;urb
PYCGPI03;PARUS82;PARUS77;PARUS73;PARUS4;adulte;mas;39;1;AG;mas.39;-1,604641516;-1,147074264;-2,383;urb
PARUS74;PARUS19;;;;adulte;mas;39;2;AG;mas.39;-1,604641516;-1,147074264;-2,383;urb
PARUS45;PARUS34;PARUS33;PARUS28;;adulte;mas;18;2;SP;mas.18;-2,418415276;-1,992903406;-2,383;urb
PARUS34;PARUS28;PARUS16;;;adulte;mas;18;1;SP;mas.18;-2,418415276;-1,992903406;-2,383;urb
inexploitable;;;;;adulte;mas;42;1;ACA;mas.42;0,240918659;0,563545476;-2,383;urb
PARUS73;;;;;adulte;mas;28;1;SP;mas.28;-1,712568029;-1,196505216;-2,383;urb
PARUS82;PARUS77;PARUS73;;;adulte;mas;28;2;SP;mas.28;-1,712568029;-1,196505216;-2,383;urb
SYBOR22;PARUS74;PARUS72;PARUS4;PARUS18;adulte;mas;42;2;ACA;mas.42;0,240918659;0,563545476;-2,383;urb
PARUS74;;;;;adulte;mas;14;2;ACA;mas.14;-2,054680207;-1,690654789;-2,383;urb
SYBOR27;SYBOR08;SFC7;PFC2;PARUS74;adulte;mas;34;2;SP;mas.34;-1,939464958;-1,52730851;-2,383;urb
PARUS70;PARUS22;;;;adulte;mas;34;1;SP;mas.34;-1,939464958;-1,52730851;-2,383;urb
SYBOR08;SFC7;PFC2;PARUS74;PARUS72;adulte;mas;25;2;ACA;mas.25;-2,188876121;-1,804363049;-2,383;urb
PARUS82;PARUS77;PARUS4;;;adulte;mas;24;1;ACA;mas.24;-1,790063115;-1,416775794;-2,383;urb
PARUS4;PARUS18;;;;adulte;mas;12;1;SP;mas.12;-5,094277793;-4,572472137;-2,383;urb
inexploitable;;;;;adulte;mas;12;2;AC;mas.12;-5,094277793;-4,572472137;-2,383;urb
PARUS4;;;;;adulte;mas;31;2;AC;mas.31;-1,743068955;-1,231519414;-2,383;urb
PARUS77;PARUS4;PARUS18;;;adulte;mas;40;1;ACA;mas.40;-0,237646919;0,3637042;-2,383;urb
PARUS34;PARUS28;PARUS16;;;adulte;mas;40;2;ACA;mas.40;-0,237646919;0,3637042;-2,383;urb
inexploitable;;;;;adulte;mas;14;1;ACA;mas.14;-2,054680207;-1,690654789;-2,383;urb
PARUS74;;;;;adulte;mas;28;1;AC;mas.28;-1,712568029;-1,196505216;-2,383;urb
SYBOR22;PARUS74;PARUS72;PARUS4;PARUS18;adulte;mos;2;2;SP;mos.2;-1,08721302;-0,722599811;-0,865;urb
SYCON05;SYBOR33;SYBOR27;SYBOR22;SYBOR08;adulte;mos;2;1;ACA;mos.2;-1,08721302;-0,722599811;-0,865;rur
SYBOR22;PYCGPI03;PARUS77;PARUS74;PARUS72;adulte;mos;23;1;SP;mos.23;-0,559920157;-0,212649993;-0,865;rur
PARUS74;PARUS72;;;;adulte;mos;38;2;CV;mos.38;-1,558454122;-1,128383712;-0,865;rur
PARUS73;;;;;adulte;mos;20;1;CV;mos.20;-0,746294148;-0,383434654;-0,865;rur
inexploitable;;;;;adulte;mos;38;1;SP;mos.38;-1,558454122;-1,128383712;-0,865;rur
SYBOR22;PARUS74;PARUS72;PARUS4;PARUS18;adulte;mos;42;2;SP;mos.42;-1,755441497;-1,325154575;-0,865;rur
SYCON05;SYBOR33;SYBOR27;SYBOR22;SYBOR08;adulte;mos;42;1;ACA;mos.42;-1,755441497;-1,325154575;-0,865;rur
PARUS72;;;;;adulte;mos;17;1;ACA;mos.17;-1,805703227;-1,26596831;-0,865;rur
SYBOR22;PYCGPI03;PARUS77;PARUS74;PARUS72;adulte;mos;17;2;ACA;mos.17;-1,805703227;-1,26596831;-0,865;urb
PARUS74;PARUS72;;;;adulte;mos;20;2;ACA;mos.20;-0,746294148;-0,383434654;-0,865;urb
PYCGPI03;PARUS77;PARUS4;PARUS18;;adulte;mos;3;1;ACA;mos.3;0,25287584;0,737793356;-0,865;urb
SYBOR22;PARUS72;AFR215;SYCON05;SYBOR33;adulte;mos;3;2;SP;mos.3;0,25287584;0,737793356;-0,865;urb
PYCGPI03;PARUS77;PARUS4;PARUS18;PYCTRI03;adulte;mos;24;1;SP;mos.24;-0,941570101;-0,57388243;-0,865;urb
PYCTRI03;PYCGPI03;PARUS82;PARUS77;PARUS73;adulte;mos;24;2;SP;mos.24;-0,941570101;-0,57388243;-0,865;urb
SYBOR22;PYCGPI03;PARUS77;PARUS74;PARUS72;adulte;mos;18;2;ACA;mos.18;-1,306264993;-0,797116106;-0,865;rur
SYBOR08;SFC7;PFC2;PARUS74;PARUS72;adulte;mos;13;2;CF;mos.13;-0,54600037;-0,22552177;-0,865;rur
PYCGPI03;PARUS82;PARUS77;PARUS73;PARUS4;adulte;mos;23;2;AC;mos.23;-0,559920157;-0,212649993;-0,865;rur
PARUS74;;;;;adulte;mos;23;1;AC;mos.23;-0,559920157;-0,212649993;-0,865;rur
PARUS77;PARUS4;;;;adulte;mos;17;1;AC;mos.17;-1,805703227;-1,26596831;-0,865;rur
PYCGPI03;PARUS82;PARUS77;PARUS73;PARUS4;adulte;mos;17;2;AC;mos.17;-1,805703227;-1,26596831;-0,865;rur
PARUS77;PARUS73;PARUS4;PARUS18;;adulte;mos;3;1;SP;mos.3;0,25287584;0,737793356;-0,865;rur
PARUS4;PARUS18;;;;adulte;mos;43;1;SP;mos.43;-0,825048848;-0,487594621;-0,865;rur
PARUS4;PARUS18;;;;adulte;mos;43;2;SP;mos.43;-0,825048848;-0,487594621;-0,865;rur
SYBOR27;SYBOR08;SFC7;PFC2;PARUS74;adulte;mos;24;2;SP;mos.24;-0,941570101;-0,57388243;-0,865;rur
SYBOR22;PARUS74;PARUS72;PARUS4;PARUS18;adulte;mos;3;2;ACA;mos.3;0,25287584;0,737793356;-0,865;rur
inexploitable;;;;;adulte;mos;12;1;ACA;mos.12;-0,78140826;-0,389133823;-0,865;rur
PARUS4;PARUS18;;;;adulte;mos;24;1;AC;mos.24;-0,941570101;-0,57388243;-0,865;urb
PARUS49;PARUS4;PARUS34;PARUS33;PARUS28;adulte;mos;24;2;AC;mos.24;-0,941570101;-0,57388243;-0,865;urb
SYBOR22;PARUS77;PARUS72;AFR215;SYCON05;adulte;mos;2;2;SP;mos.2;-1,08721302;-0,722599811;-0,865;urb
PARUS16;PARUS73;;;;adulte;mos;2;1;SP;mos.2;-1,08721302;-0,722599811;-0,865;urb
SYBOR22;PYCGPI03;PARUS77;PARUS74;PARUS72;adulte;mos;38;2;SP;mos.38;-1,558454122;-1,128383712;-0,865;urb
inexploitable;;;;;adulte;rou;324;2;AC;rou.324;0,961688348;0;1,221;urb
PYCGPI03;PARUS77;PARUS4;PARUS18;;adulte;rou;324;1;AC;rou.324;0,961688348;0;1,221;urb
PARUS70;;;;;adulte;rou;10;1;SP;rou.10;1,239068144;0;1,221;urb
PARUS34;PARUS33;PARUS28;PARUS16;;adulte;rou;10;2;SP;rou.10;1,239068144;0;1,221;urb
SYBOR22;PYCGPI03;PARUS77;PARUS74;PARUS72;adulte;zoo;5;2;SP;zoo.5;0,79882182;1,440750817;0,687;urb
SYBOR27;SYBOR08;SFC7;PLONIG15;PFC2;adulte;zoo;5;1;SP;zoo.5;0,79882182;1,440750817;0,687;urb
SYCON05;SYBOR33;SYBOR27;SYBOR22;SYBOR08;adulte;zoo;20;2;ACA;zoo.20;0,807601463;1,476202443;0,687;urb
PARUS4;PARUS18;;;;adulte;zoo;20;1;ACA;zoo.20;0,807601463;1,476202443;0,687;urb
SYBOR22;PYCGPI03;PARUS77;PARUS74;PARUS72;adulte;zoo;42;1;ACA;zoo.42;1,021668772;1,285093234;0,687;rur
SYCON05;SYBOR33;SYBOR22;SYBOR08;SYBOR06;adulte;zoo;42;2;ACA;zoo.42;1,021668772;1,285093234;0,687;rur
PARUS74;PARUS72;;;;adulte;zoo;63;2;ACA;zoo.63;-0,937353317;1,2951535;0,687;rur
negatif;;;;;adulte;zoo;25;1;ACA;zoo.25;0,746493062;1,19686884;0,687;rur
SYBOR27;SYBOR08;SFC7;PFC2;PARUS74;adulte;zoo;25;2;SP;zoo.25;0,746493062;1,19686884;0,687;rur
PARUS70;CYACAE02;;;;adulte;zoo;51;2;ACA;zoo.51;0,425595613;1,614669752;0,687;rur
SYBOR22;PYCGPI03;PARUS77;PARUS74;PARUS72;adulte;bot;8;1;SP;bot.8;-0,462610205;0,029649318;-0,406;rur
PYCLEU3;PARUS82;PARUS73;;;adulte;bot;5;2;SP;bot.5;-0,583028409;-0,029698391;-0,406;rur
PYCGPI03;PARUS82;PARUS77;PARUS73;PARUS4;adulte;bot;5;1;ACA;bot.5;-0,583028409;-0,029698391;-0,406;rur
SYBOR27;SYBOR08;SFC7;PFC2;PARUS74;adulte;bot;8;2;ACA;bot.8;-0,462610205;0,029649318;-0,406;rur
PARUS74;PARUS72;;;;adulte;bot;2;2;AC;bot.2;0,007668546;1,232268291;-0,406;rur
PARUS4;PARUS18;;;;adulte;bot;2;1;AC;bot.2;0,007668546;1,232268291;-0,406;rur
SYBOR22;PARUS72;AFR215;;;adulte;bot;4;2;AC;bot.4;-1,398308339;-0,225169181;-0,406;rur
SYBOR22;PARUS77;PARUS72;AFR215;;adulte;cef;2;2;SP;cef.2;0,376577158;0,6391131;0,458;urb
SYCON05;SYBOR33;SYBOR27;SYBOR22;SYBOR08;adulte;cef;2;1;ACA;cef.2;0,376577158;0,6391131;0,458;urb
PARUS74;PARUS72;;;;adulte;cef;8;1;ACA;cef.8;0,323858255;0,66915479;0,458;rur
SYBOR27;SYBOR08;SFC7;PFC2;PARUS74;adulte;cef;8;2;ACA;cef.8;0,323858255;0,66915479;0,458;rur
PYCGPI03;PARUS82;PARUS77;PARUS73;PARUS4;adulte;fac;2;1;CV;fac.2;0,088590485;0,389729208;-0,75;rur
PARUS34;PARUS28;PARUS16;;;adulte;fac;2;2;ACA;fac.2;0,088590485;0,389729208;-0,75;rur
SFC7;PARUS74;PARUS72;;;adulte;fac;6;1;AC;fac.6;-2,278183533;-1,356337435;-0,75;rur
PYCGPI03;PARUS82;PARUS77;PARUS73;PARUS4;adulte;fac;6;2;AC;fac.6;-2,278183533;-1,356337435;-0,75;rur
PARUS4;PARUS18;;;;adulte;fac;8;1;AC;fac.8;-0,62852441;-0,178164759;-0,75;rur
PARUS74;PARUS72;;;;adulte;fac;8;2;AC;fac.8;-0,62852441;-0,178164759;-0,75;urb
SYBOR27;SYBOR08;SFC7;PFC2;PARUS74;adulte;fac;13;1;AC;fac.13;-0,912827488;-0,233972559;-0,75;urb
SYBOR22;PYCGPI03;PARUS77;PARUS74;PARUS72;adulte;fac;13;2;AC;fac.13;-0,912827488;-0,233972559;-0,75;urb
PARUS70;CYACAE02;;;;adulte;fac;17;2;AC;fac.17;-0,851252546;-0,382497208;-0,75;urb
negatif;;;;;adulte;fac;17;1;AC;fac.17;-0,851252546;-0,382497208;-0,75;urb
PARUS74;PARUS72;;;;adulte;fac;22;2;AC;fac.22;-1,678895153;-0,985447744;-0,75;urb
SYBOR22;PARUS74;PARUS72;PARUS4;PARUS18;adulte;fac;22;1;AC;fac.22;-1,678895153;-0,985447744;-0,75;urb
SYBOR22;PARUS74;PARUS72;PARUS4;PARUS18;adulte;fac;10;1;ACA;fac.10;-2,085784687;-1,420398266;-0,75;urb
PARUS70;CYACAE02;;;;adulte;fac;10;2;ACA;fac.10;-2,085784687;-1,420398266;-0,75;urb
PARUS70;;;;;adulte;fac;23;1;SP;fac.23;-1,678895153;-0,985447744;-0,75;urb
PARUS74;;;;;adulte;fac;3;2;SP;fac.3;-0,290939859;0,286283696;-0,75;urb
PYCGPI03;PARUS82;PARUS77;PARUS73;PARUS4;adulte;fac;3;1;SP;fac.3;-0,290939859;0,286283696;-0,75;urb
PYCGPI03;PARUS82;PARUS77;PARUS73;PARUS4;adulte;fac;19;2;ACA;fac.19;-0,434718099;0,042237211;-0,75;urb
negatif;;;;;adulte;fac;19;1;SP;fac.19;-0,434718099;0,042237211;-0,75;urb
SYCON05;SYBOR33;SYBOR27;SYBOR22;SYBOR08;adulte;fac;9;1;SP;fac.9;-0,042566621;0,38377491;-0,75;urb
PARUS4;PARUS18;;;;adulte;cef;10;1;VD;cef.10;0,234138053;0,632622473;0,458;urb
SYBOR27;SYBOR08;SFC7;PFC2;PARUS74;adulte;cef;1;1;SP;cef.1;0,208535722;0,551905275;0,458;urb
PYCGPI03;PARUS82;PARUS77;PARUS73;PARUS4;adulte;cef;1;2;AC;cef.1;0,208535722;0,551905275;0,458;urb
SYBOR22;PARUS72;AFR215;SYCON05;SYBOR33;adulte;cef;8;2;AC;cef.8;0,323858255;0,66915479;0,458;urb
PYCGPI03;PARUS82;PARUS77;PARUS73;PARUS4;adulte;bot;5;1;SP;bot.5;-0,583028409;-0,029698391;-0,406;rur
negatif;;;;;adulte;bot;3;1;SP;bot.3;-0,244947708;0,239124134;-0,406;rur
inexploitable;;;;;adulte;bot;3;2;SP;bot.3;-0,244947708;0,239124134;-0,406;urb
PARUS82;PARUS77;PARUS73;PARUS4;PARUS18;adulte;bot;7;1;SP;bot.7;0,244769031;0,82676323;-0,406;urb
negatif;;;;;adulte;zoo;51;2;AC;zoo.51;0,425595613;1,614669752;0,687;urb
inexploitable;;;;;adulte;mos;12;1;VD;mos.12;-0,78140826;-0,389133823;-0,865;urb
negatif;;;;;adulte;zoo;67;2;AG;zoo.67;1,063761577;1,458200562;0,687;rur
negatif;;;;;adulte;gram;20;1;AC;gram.20;1,013140198;1,544338628;0,254;urb
negatif;;;;;adulte;gram;20;2;AC;gram.20;1,013140198;1,544338628;0,254;urb
negatif;;;;;adulte;gram;19;2;VD;gram.19;0,525012117;0,923329204;0,254;rur
negatif;;;;;adulte;zoo;38;2;VD;zoo.38;-0,519121701;-0,200041293;0,687;rur
negatif;;;;;adulte;zoo;38;1;VD;zoo.38;-0,519121701;-0,200041293;0,687;rur
negatif;;;;;adulte;gram;45;2;VD;gram.45;0,888160128;1,228708365;0,254;rur
negatif;;;;;adulte;gram;45;1;VD;gram.45;0,888160128;1,228708365;0,254;urb
inexploitable;;;;;adulte;bot;7;2;SP;bot.7;0.244769031;0.82676323;-0,406;urb