code;Code MIVEGEC;location;LIGNE;COLONNE;species;year;HaemoPlasmo;Leuco;HaemoPlasmo;Leuco;"Double
infection";souche_1;souche_2;stade;station ;ad nichoir;sex;age;age_reel;aile ;tarse;tarsed;bec ;poids;queue;obs;sta.nic;urb_level;urb_level_city;average_urb_level;habitat
E2-P1-F5;7975056;City;f;5;Parus Major;2019;03-mars;03-mars;1;1;1;SGS1;negatif;adulte;font;18;2;J3;3;76;18.72;18.66;7.92;14.6;67;AG;font.18;-0.776532807;-0.377641031;-0.854;urb
E2-P1-G5;8378044;City;g;5;Parus Major;2019;03-mars;03-mars;1;1;1;SGS1;negatif;adulte;font;18;1;J1;1;74;20.07;20.01;8.26;18.4;63;AG;font.18;-0.776532807;-0.377641031;-0.854;urb
E2-P1-H5;8185005;City;h;5;Parus Major;2019;03-mars;03-mars;1;1;1;SGS1;negatif;adulte;font;15;2;J2;2;74;18.75;18.75;9.33;15.4;61;ACA;font.15;-2.704909921;-2.25348963;-0.854;urb
E2-P1-A6;8185056;City;a;6;Parus Major;2019;0;0;0;0;0;negatif;negatif;adulte;font;9;1;A1;2;74;19.94;19.99;8.75;17.3;62.5;AC;font.9;0.775380895;1.03446773;-0.854;urb
E2-P1-B6;8189032;City;b;6;Parus Major;2019;02-mars;03-mars;1;1;1;SGS1;negatif;adulte;font;9;2;A3;4;74;19.59;19.55;8.85;17.3;63.5;AC;font.9;0.775380895;1.03446773;-0.854;urb
E2-P1-C6;8185055;City;c;6;Parus Major;2019;03-mars;03-mars;1;1;1;SGS1;YWT4;adulte;font;6;1;J1;1;73;19.09;19.06;9.27;16.2;66;AC;font.6;1.177354758;1.489392605;-0.854;urb
E2-P1-D6;8185054;City;d;6;Parus Major;2019;03-mars;03-mars;1;1;1;SGS1;negatif;adulte;font;6;2;J1;1;71.5;19.17;19.1;8.59;16.6;59.5;AC;font.6;1.177354758;1.489392605;-0.854;urb
E2-P1-E6;8189064;City;e;6;Parus Major;2019;03-mars;03-mars;1;1;1;SGS1;negatif;adulte;font;7;1;A2;3;81.5;20.02;20.09;8.52;16.8;73;AC;font.7;1.109851573;1.394867012;-0.854;urb
E2-P1-F6;8185063;City;f;6;Parus Major;2019;03-mars;03-mars;1;1;1;SGS1;negatif;adulte;font;16;1;A1;2;76.5;20.88;20.9;9.2;18.4;60;AC;font.16;-1.650960342;-1.120882509;-0.854;urb
E2-P1-G6;8185062;City;g;6;Parus Major;2019;03-mars;03-mars;1;1;1;SGS1;negatif;adulte;font;16;2;J1;1;72;19.07;19.02;9.01;17.4;58.5;AC;font.16;-1.650960342;-1.120882509;-0.854;urb
E2-P1-H6;8185064;City;h;6;Parus Major;2019;03-mars;03-mars;1;1;1;SGS1;YWT4;adulte;font;19;2;J1;1;78.5;19.09;19.05;8.8;16;59.5;AC;font.19;-1.99278499;-1.450152487;-0.854;urb
E2-P1-A7;8185065;City;a;7;Parus Major;2019;03-mars;03-mars;1;1;1;SGS1;negatif;adulte;font;25;2;J1;1;71;18.63;18.6;8.37;15.8;60.5;AC;font.25;-2.291598567;-1.675383459;-0.854;urb
E2-P1-B7;8378083;City;b;7;Parus Major;2019;03-mars;03-mars;1;1;1;SGS1;negatif;adulte;font;19;1;J1;1;76;20.08;20.07;8.87;19.09;64;ACA;font.19;-1.99278499;-1.450152487;-0.854;urb
E2-P1-C7;8378082;City;c;7;Parus Major;2019;03-mars;03-mars;1;1;1;SGS1;negatif;adulte;font;4;1;I1;2;78;19.72;19.78;8.95;17.8;68;ACA;font.4;0.061487905;0.483441369;-0.854;urb
E2-P1-D7;8378087;City;d;7;Parus Major;2019;03-mars;03-mars;1;1;1;SGS1;negatif;adulte;font;31;2;J1;1;72.5;18.58;18.48;9.53;15.6;60;SP;font.31;-2.824622623;-2.335117607;-0.854;urb
E2-P1-E7;8378507;City;e;7;Parus Major;2019;03-mars;03-mars;1;1;1;SGS1;YWT4;adulte;font;4;2;A1;2;72;18.01;17.91;8.82;15.9;61;SP;font.4;0.061487905;0.483441369;-0.854;urb
E2-P1-F7;8378086;City;f;7;Parus Major;2019;03-mars;03-mars;1;1;1;SGS1;negatif;adulte;font;31;1;J1;1;75.5;18.82;18.86;9.16;16.9;61.5;ACA;font.31;-2.824622623;-2.335117607;-0.854;urb
E2-P1-G7;8378100;City;g;7;Parus Major;2019;03-mars;03-mars;1;1;1;DELURB4;negatif;adulte;font;3;1;A1;2;73;20.13;20.14;8.66;16.8;62;SP;font.3;-0.038638743;0.598274918;-0.854;urb
E2-P1-H7;8378539;City;h;7;Parus Major;2019;03-mars;03-mars;1;1;1;SGS1;negatif;adulte;font;12;1;A1;2;76;19.76;19.65;8.66;17.4;66;ACA;font.12;-0.706485126;-0.241818683;-0.854;urb
E2-P1-A8;8378538;City;a;8;Parus Major;2019;0;0;0;0;0;negatif;negatif;adulte;font;8;1;A1;2;78;19.09;19.05;8;17.3;67.5;ACA;font.8;0.389978734;0.698654941;-0.854;urb
E2-P1-B8;8378540;City;b;8;Parus Major;2019;03-mars;03-mars;1;1;1;SGS1;negatif;adulte;font;12;2;A1;2;72;18.51;18.41;9.31;16;59;SP;font.12;-0.706485126;-0.241818683;-0.854;urb
E2-P1-C8;8378537;City;c;8;Parus Major;2019;03-mars;03-mars;1;1;1;SGS1;YWT4;adulte;font;8;2;J1;1;72.5;19.5;19.48;8.44;16.8;62;SP;font.8;0.389978734;0.698654941;-0.854;urb
E2-P1-D8;8378099;City;d;8;Parus Major;2019;03-mars;03-mars;1;1;1;SGS1;negatif;adulte;font;3;2;J1;1;72;19.57;19.58;9.04;16;60;SP;font.3;-0.038638743;0.598274918;-0.854;urb
E2-P1-E8;8380185;City;e;8;Parus Major;2019;03-mars;03-mars;1;1;1;SGS1;negatif;adulte;font;1;1;J1;1;75.5;19.26;19.24;9.22;17.6;63;ACA;font.1;-0.976204185;-0.150404904;-0.854;urb
E2-P1-F8;8380197;City;f;8;Parus Major;2019;03-mars;03-mars;1;1;1;SGS1;negatif;adulte;font;17;1;A1;2;74;19.36;19.34;8.88;0;64;ACA;font.17;-0.789341043;-0.46640164;-0.854;urb
E2-P1-G8;8380439;City;g;8;Parus Major;2019;03-mars;03-mars;1;1;1;SGS1;negatif;adulte;font;13;2;A1;2;70;19.51;19.5;9.47;16.9;58;SP;font.13;-1.249326421;-0.875764243;-0.854;urb
E2-P1-H8;8380198;City;h;8;Parus Major;2019;03-mars;03-mars;1;1;1;SGS1;negatif;adulte;font;17;2;J1;1;73;18.04;17.89;9.6;0;61;ACA;font.17;-0.789341043;-0.46640164;-0.854;urb
E2-P1-A9;8380449;City;a;9;Parus Major;2019;03-mars;03-mars;1;1;1;SGS1;negatif;adulte;font;2;1;A1;2;75;19.98;19.94;8.87;17.4;66.5;SP;font.2;-0.485310472;0.008733556;-0.854;urb
E2-P1-B9;8380483;City;b;9;Parus Major;2019;03-mars;03-mars;1;1;1;SGS1;negatif;adulte;font;8;1;J1;1;74;18.81;18.81;9;17.81;64.5;CF;font.8;0.389978734;0.698654941;-0.854;urb
E2-P1-C9;8380484;City;c;9;Parus Major;2019;03-mars;03-mars;1;1;1;SGS1;negatif;adulte;font;8;2;J1;1;71.5;18.1;18.9;9;17.7;58;CF;font.8;0.389978734;0.698654941;-0.854;urb
E2-P1-D9;7974727;City;d;9;Parus Major;2019;03-mars;03-mars;1;1;1;SGS1;negatif;adulte;gram;36;1;P3;3;79.5;19.47;19.6;9.06;18.7;68.5;AC;gram.36;-0.059283988;0.271362813;0.254;urb
E2-P1-E9;7975936;City;e;9;Parus Major;2019;03-mars;03-mars;1;1;1;SGS1;negatif;adulte;gram;36;2;A3;4;75;19.71;19.7;9.45;16.2;64.5;AC;gram.36;-0.059283988;0.271362813;0.254;urb
E2-P1-F9;7975931;City;f;9;Parus Major;2019;03-mars;03-mars;1;1;1;SGS1;negatif;adulte;gram;14;1;J3;3;77.5;20.42;20.47;9.03;18;68;ACA;gram.14;1.168469336;1.425924348;0.254;urb
E2-P1-G9;8378091;City;g;9;Parus Major;2019;03-mars;03-mars;1;1;1;SGS1;YWT4;adulte;gram;14;2;J1;1;69;18.6;18.63;8.82;14.5;58;ACA;gram.14;1.168469336;1.425924348;0.254;urb
E2-P1-H9;8378542;City;h;9;Parus Major;2019;0;0;0;0;0;negatif;negatif;adulte;gram;54;1;A1;2;76;19.88;19.73;8.8;17.3;65;ACA;gram.54;0.425882103;0.686419809;0.254;urb
E2-P1-A10;8185592;City;a;10;Parus Major;2019;03-mars;03-mars;1;1;1;SGS1;negatif;adulte;gram;54;2;P1;1;71.5;18.81;0;8.42;15.3;57.5;ACA;gram.54;0.425882103;0.686419809;0.254;urb
E2-P1-B10;8184141;City;b;10;Parus Major;2019;03-mars;03-mars;1;1;1;SGS1;negatif;adulte;gram;56;1;P1;1;75;19.87;19.98;9;16.6;64;ACA;gram.56;0.141519692;0.403237867;0.254;urb
E2-P1-C10;8378545;City;c;10;Parus Major;2019;03-mars;03-mars;1;1;1;SGS1;negatif;adulte;gram;56;2;A1;2;75;19.31;19.31;8.83;15.5;60;ACA;gram.56;0.141519692;0.403237867;0.254;urb
E2-P1-D10;8184024;City;d;10;Parus Major;2019;03-mars;03-mars;1;1;1;SGS1;negatif;adulte;gram;2;2;P1;1;74;18.84;18.88;9.09;16.5;61.5;ACA;gram.2;0.15566769;0.448601481;0.254;urb
E2-P1-E10;8378547;City;e;10;Parus Major;2019;03-mars;03-mars;1;1;1;SGS1;YWT4;adulte;gram;2;1;A1;2;77;20.25;20.33;9.27;17.4;65;ACA;gram.2;0.15566769;0.448601481;0.254;urb
E2-P1-F10;8380127;City;f;10;Parus Major;2019;03-mars;03-mars;1;1;1;SGS1;negatif;adulte;gram;34;2;A1;2;71;18.71;18.5;9.43;15.9;0;SP;gram.34;-1.624977783;-0.810490785;0.254;urb
E2-P1-G10;8189589;City;g;10;Parus Major;2019;03-mars;03-mars;1;1;1;SGS1;negatif;adulte;gram;34;1;P1;1;75;19.71;19.73;9.03;15;59;SP;gram.34;-1.624977783;-0.810490785;0.254;urb
E2-P1-H10;8380182;City;h;10;Parus Major;2019;03-mars;03-mars;1;1;1;SGS1;negatif;adulte;gram;7;2;J1;1;73;19.78;19.79;9.61;16.2;59.5;ACA;gram.7;1.160185873;1.472294992;0.254;urb
E2-P1-A11;8380183;City;a;11;Parus Major;2019;0;0;0;0;0;negatif;negatif;adulte;gram;7;1;J1;1;76;19.93;19.78;9.23;16.8;65;SP;gram.7;1.160185873;1.472294992;0.254;urb
E2-P1-B11;8380444;City;b;11;Parus Major;2019;03-mars;03-mars;1;1;1;SGS1;negatif;adulte;gram;57;1;A1;2;75;19.34;19.26;9.11;17.4;61;SP;gram.57;0.389792315;0.65047984;0.254;urb
E2-P1-C11;8380443;City;c;11;Parus Major;2019;03-mars;03-mars;1;1;1;inexploitable;negatif;adulte;gram;57;2;J1;1;71;19.14;19.15;9.16;16.8;58;SP;gram.57;0.389792315;0.65047984;0.254;urb
E2-P1-D11;8189059;City;d;11;Parus Major;2018;03-mars;03-mars;1;1;1;SGS1;negatif;adulte;mas;19;1;A1;2;74;19.18;19.16;9;15.8;67.5;SP;mas.19;-2.556065115;-2.099190522;-0.865;urb
E2-P1-E11;8184152;City;e;11;Parus Major;2019;03-mars;03-mars;1;1;1;SGS1;negatif;adulte;mas;19;2;J2;2;70;19.07;19.04;8.94;15.9;60;AG;mas.19;-2.556065115;-2.099190522;-0.865;urb
E2-P1-F11;8378045;City;f;11;Parus Major;2019;03-mars;03-mars;1;1;1;SGS1;negatif;adulte;mas;23;2;J1;1;73;19.27;19.44;9.47;16.6;60;CV;mas.23;-2.251634802;-1.740093191;-0.865;urb
E2-P1-G11;8378046;City;g;11;Parus Major;2019;03-mars;03-mars;1;1;1;SGS1;negatif;adulte;mas;39;1;J1;1;74;20.72;20.87;8.9;17.6;66;AG;mas.39;-1.604641516;-1.147074264;-0.865;urb
E2-P1-H11;8378047;City;h;11;Parus Major;2019;03-mars;03-mars;1;1;1;SGS1;YWT4;adulte;mas;39;2;J1;1;72;19.15;19.21;8.94;16.7;62;AG;mas.39;-1.604641516;-1.147074264;-0.865;urb
E2-P1-A12;8378069;City;a;12;Parus Major;2019;03-mars;03-mars;1;1;1;GRW11;negatif;adulte;mas;18;2;J1;1;70;18.97;19.07;8.75;15.8;59;SP;mas.18;-2.418415276;-1.992903406;-0.865;urb
E2-P1-B12;8378070;City;b;12;Parus Major;2019;03-mars;03-mars;1;1;1;SGS1;negatif;adulte;mas;18;1;J1;1;76;19.38;19.3;9.1;17.7;62;SP;mas.18;-2.418415276;-1.992903406;-0.865;urb
E2-P1-C12;8189062;City;c;12;Parus Major;2019;03-mars;03-mars;1;1;1;SGS1;negatif;adulte;mas;42;1;A2;3;77.5;19.76;19.72;9.09;17.3;66;ACA;mas.42;0.240918659;0.563545476;-0.865;urb
E2-P1-D12;8378095;City;d;12;Parus Major;2019;03-mars;03-mars;1;1;1;SGS1;negatif;adulte;mas;28;1;A1;2;72;18.83;18.77;8.9;16;58.5;SP;mas.28;-1.712568029;-1.196505216;-0.865;urb
E2-P1-E12;8378096;City;e;12;Parus Major;2019;03-mars;03-mars;1;1;1;SGS1;negatif;adulte;mas;28;2;J1;1;73.5;19.95;19.84;9.38;17.25;61;SP;mas.28;-1.712568029;-1.196505216;-0.865;urb
E2-P1-F12;8378097;City;f;12;Parus Major;2019;03-mars;03-mars;1;1;1;SGS1;negatif;adulte;mas;42;2;J1;1;71;18.95;18.97;9;16.5;58.5;ACA;mas.42;0.240918659;0.563545476;-0.865;urb
E2-P1-G12;7975955;City;g;12;Parus Major;2019;03-mars;03-mars;1;1;1;SGS1;negatif;adulte;mas;14;2;A3;4;76;18.83;19.09;9.64;17.8;62.5;ACA;mas.14;-2.054680207;-1.690654789;-0.865;urb
E2-P2-A1;8378541;City;a;1;Parus Major;2019;01-mars;01-mars;1;1;1;SGS1;YWT4;adulte;mas;34;2;J1;1;68.5;18.46;18.46;8.53;15.4;63;SP;mas.34;-1.939464958;-1.52730851;-0.865;urb
E2-P2-B1;7207328;City;b;1;Parus Major;2019;02-mars;02-mars;1;1;1;SGS1;negatif;adulte;mas;34;1;A3;4;76;20.1;20.13;8.6;16.4;66;SP;mas.34;-1.939464958;-1.52730851;-0.865;urb
E2-P2-C1;8380190;City;c;1;Parus Major;2019;03-mars;02-mars;1;1;1;SGS1;negatif;adulte;mas;25;2;J1;1;72;18.38;18.34;8.73;17.4;58;ACA;mas.25;-2.188876121;-1.804363049;-0.865;urb
E2-P2-D1;8189071;City;d;1;Parus Major;2019;03-mars;03-mars;1;1;1;SGS1;negatif;adulte;mas;24;1;J2;2;79.5;19.89;19.88;9.37;16.3;67;ACA;mas.24;-1.790063115;-1.416775794;-0.865;urb
E2-P2-E1;7209899;City;e;1;Parus Major;2018;03-mars;03-mars;1;1;1;SGS1;negatif;adulte;mas;12;1;J1;1;77;20.45;20.38;9.6;17.5;64.5;SP;mas.12;-5.094277793;-4.572472137;-0.865;urb
E2-P2-F1;7209898;City;f;1;Parus Major;2018;03-mars;03-mars;1;1;1;SGS1;negatif;adulte;mas;12;2;J1;1;72.5;19.19;19.07;8.92;15.5;62;AC;mas.12;-5.094277793;-4.572472137;-0.865;urb
E2-P2-G1;7975068;City;g;1;Parus Major;2018;03-mars;03-mars;1;1;1;SGS1;DELURB4;adulte;mas;31;2;J2;2;73;17.32;17.36;8.7;14.6;63.5;AC;mas.31;-1.743068955;-1.231519414;-0.865;urb
E2-P2-H1;8185001;City;h;1;Parus Major;2019;03-mars;03-mars;1;1;1;SGS1;negatif;adulte;mas;40;1;A2;3;77;20.39;0;8.92;17.6;67;ACA;mas.40;-0.237646919;0.3637042;-0.865;urb
E2-P2-A2;8185002;City;a;2;Parus Major;2019;03-mars;03-mars;1;1;1;SGS1;YWT4;adulte;mas;40;2;A2;3;77;19.25;19.23;9.34;16.3;64;ACA;mas.40;-0.237646919;0.3637042;-0.865;urb
E2-P2-B2;7207336;City;b;2;Parus Major;2019;03-mars;03-mars;1;1;1;SGS1;negatif;adulte;mas;14;1;A3;4;78;18.15;18.16;8.95;16.4;66.5;ACA;mas.14;-2.054680207;-1.690654789;-0.865;urb
E2-P2-C2;7209900;City;c;2;Parus Major;2018;03-mars;03-mars;1;1;1;SGS1;negatif;adulte;mas;28;1;A1;2;77.5;19.46;19.54;8.95;17.3;67.5;AC;mas.28;-1.712568029;-1.196505216;-0.865;urb
E2-P2-D2;8189990;City;d;2;Parus Major;2019;03-mars;03-mars;1;1;1;SGS1;negatif;adulte;mos;2;2;J1;1;70.5;19.79;19.84;9.04;16.08;61.5;SP;mos.2;-1.08721302;-0.722599811;-0.865;urb
E2-P2-F2;8185497;City;f;2;Parus Major;2019;03-mars;03-mars;1;1;1;SGS1;negatif;adulte;mos;2;1;A2;3;76;20.17;20.12;9.06;18;67.5;ACA;mos.2;-1.08721302;-0.722599811;-0.865;urb
E2-P2-H2;8378060;City;h;2;Parus Major;2019;03-mars;03-mars;1;1;1;SGS1;negatif;adulte;mos;23;1;A1;2;76;19.99;0;8.71;18.2;66;SP;mos.23;-0.559920157;-0.212649993;-0.865;urb
E2-P2-A3;8189999;City;a;3;Parus Major;2019;03-mars;03-mars;1;1;1;SGS1;YWT4;adulte;mos;38;2;A1;2;72;19.6;19.6;9.72;16.1;59.5;CV;mos.38;-1.558454122;-1.128383712;-0.865;urb
E2-P2-B3;8184039;City;b;3;Parus Major;2019;03-mars;03-mars;1;1;1;SGS1;negatif;adulte;mos;20;1;P1;1;71;19.1;19.05;9.1;17.3;62;CV;mos.20;-0.746294148;-0.383434654;-0.865;urb
E2-P2-C3;8190000;City;c;3;Parus Major;2019;02-mars;02-mars;1;1;1;SGS1;negatif;adulte;mos;38;1;A1;2;74;19.51;19.58;8.7;16.9;65.5;SP;mos.38;-1.558454122;-1.128383712;-0.865;urb
E2-P2-D3;8378089;City;d;3;Parus Major;2019;03-mars;03-mars;1;1;1;SGS1;negatif;adulte;mos;42;2;A1;2;75;19.57;19.47;9.17;17.5;64;SP;mos.42;-1.755441497;-1.325154575;-0.865;urb
E2-P2-E3;8189135;City;e;3;Parus Major;2019;03-mars;03-mars;1;1;1;SGS1;negatif;adulte;mos;42;1;J3;3;75.5;19.64;19.69;8.56;17.4;65;ACA;mos.42;-1.755441497;-1.325154575;-0.865;urb
E2-P2-F3;8378088;City;f;3;Parus Major;2019;03-mars;03-mars;1;1;1;SGS1;negatif;adulte;mos;17;1;A1;2;75.5;19.1;19.16;8.91;16.8;64;ACA;mos.17;-1.805703227;-1.26596831;-0.865;urb
E2-P2-G3;8185556;City;g;3;Parus Major;2019;03-mars;03-mars;1;1;1;SGS1;YWT4;adulte;mos;17;2;P1;1;71;19.44;19.42;9.73;15.3;60;ACA;mos.17;-1.805703227;-1.26596831;-0.865;urb
E2-P2-H3;8378090;City;h;3;Parus Major;2019;03-mars;03-mars;1;1;1;YWT4;negatif;adulte;mos;20;2;J1;1;71.5;19.05;19.07;9.04;16.3;60.5;ACA;mos.20;-0.746294148;-0.383434654;-0.865;urb
E2-P2-A4;8378031;City;a;4;Parus Major;2019;03-mars;03-mars;1;1;1;SGS1;negatif;adulte;mos;3;1;J2;2;76.5;19.21;19.18;8.99;16.8;63.5;ACA;mos.3;0.25287584;0.737793356;-0.865;urb
E2-P2-B4;8378555;City;b;4;Parus Major;2019;03-mars;03-mars;1;1;1;SGS1;negatif;adulte;mos;3;2;A1;2;71.5;20.03;20.05;9.28;17.9;60;SP;mos.3;0.25287584;0.737793356;-0.865;urb
E2-P2-C4;8185559;City;c;4;Parus Major;2019;03-mars;03-mars;1;1;1;GRW11;negatif;adulte;mos;24;1;P1;1;74.5;19.8;19.81;8.83;17.1;66;SP;mos.24;-0.941570101;-0.57388243;-0.865;urb
E2-P2-D4;8185496;City;d;4;Parus Major;2019;03-mars;03-mars;1;1;1;SGS1;YWT4;adulte;mos;24;2;J2;2;72.5;19.02;18.92;9.04;15.7;61.5;SP;mos.24;-0.941570101;-0.57388243;-0.865;urb
E2-P2-E4;8380206;City;e;4;Parus Major;2019;03-mars;03-mars;1;1;1;SGS1;negatif;adulte;mos;18;2;J1;1;73.5;19.28;19.23;9.48;15.8;61.5;ACA;mos.18;-1.306264993;-0.797116106;-0.865;urb
E2-P2-F4;8380273;City;f;4;Parus Major;2019;03-mars;03-mars;1;1;1;SGS1;negatif;adulte;mos;13;2;J1;1;0;19.45;19.42;9.25;14;58;CF;mos.13;-0.54600037;-0.22552177;-0.865;urb
E2-P2-G4;8185006;City;g;4;Parus Major;2018;03-mars;03-mars;1;1;1;SGS1;YWT4;adulte;mos;23;2;J1;1;71;19.71;19.46;8.08;16;60;AC;mos.23;-0.559920157;-0.212649993;-0.865;urb
E2-P2-H4;8185007;City;h;4;Parus Major;2018;03-mars;03-mars;1;1;1;SGS1;negatif;adulte;mos;23;1;A1;2;78.5;20.4;20.41;9.23;15.9;67.5;AC;mos.23;-0.559920157;-0.212649993;-0.865;urb
E2-P2-A5;8185008;City;a;5;Parus Major;2018;03-mars;03-mars;1;1;1;SGS1;YWT4;adulte;mos;17;1;A1;2;75;19.54;19.56;8.63;17.3;67.5;AC;mos.17;-1.805703227;-1.26596831;-0.865;urb
E2-P2-B5;8185009;City;b;5;Parus Major;2018;03-mars;03-mars;1;1;1;SGS1;negatif;adulte;mos;17;2;J1;1;71.5;19.41;19.3;8.68;16.1;63.5;AC;mos.17;-1.805703227;-1.26596831;-0.865;urb
E2-P2-C5;8189069;City;c;5;Parus Major;2018;03-mars;03-mars;1;1;1;SGS1;negatif;adulte;mos;3;1;J1;1;74;20.53;20.57;9.23;17.5;60.5;SP;mos.3;0.25287584;0.737793356;-0.865;urb
E2-P2-D5;8189066;City;d;5;Parus Major;2018;03-mars;03-mars;1;1;1;SGS1;YWT4;adulte;mos;43;1;A1;2;74;20.5;20.43;9.26;16.8;63;SP;mos.43;-0.825048848;-0.487594621;-0.865;urb
E2-P2-E5;8189065;City;e;5;Parus Major;2018;03-mars;03-mars;1;1;1;inexploitable;negatif;adulte;mos;43;2;A1;2;73.5;19.02;19;9.32;16.2;61;SP;mos.43;-0.825048848;-0.487594621;-0.865;urb
E2-P2-F5;8189067;City;f;5;Parus Major;2018;03-mars;03-mars;1;1;1;SGS1;negatif;adulte;mos;24;2;J1;1;71.5;19.42;19.36;9.55;15.5;61;SP;mos.24;-0.941570101;-0.57388243;-0.865;urb
E2-P2-G5;8189068;City;g;5;Parus Major;2018;03-mars;03-mars;1;1;1;SGS1;negatif;adulte;mos;3;2;A1;2;76;18.71;18.81;9.06;16;63;ACA;mos.3;0.25287584;0.737793356;-0.865;urb
E2-P2-H5;8185480;City;h;5;Parus Major;2018;01-mars;02-mars;1;1;1;SGS1;negatif;adulte;mos;12;1;A1;2;76;19.67;19.69;9.11;16.7;67;ACA;mos.12;-0.78140826;-0.389133823;-0.865;urb
E2-P2-A6;7531156;City;a;6;Parus Major;2017;03-mars;03-mars;1;1;1;SGS1;negatif;adulte;mos;24;1;A3;4;75;19.29;19.27;8.27;15.6;64;AC;mos.24;-0.941570101;-0.57388243;-0.865;urb
E2-P2-B6;7532276;City;b;6;Parus Major;2017;03-mars;03-mars;1;1;1;SGS1;negatif;adulte;mos;24;2;A3;4;74;19.45;19.47;9.19;16.9;61.5;AC;mos.24;-0.941570101;-0.57388243;-0.865;urb
E2-P2-C6;7975927;City;c;6;Parus Major;2017;03-mars;03-mars;1;1;1;SGS1;negatif;adulte;mos;2;2;J1;1;69;18.95;18.78;9.32;16.8;56.5;SP;mos.2;-1.08721302;-0.722599811;-0.865;urb
E2-P2-D6;7975926;City;d;6;Parus Major;2017;03-mars;03-mars;1;1;1;SGS1;YWT4;adulte;mos;2;1;J1;1;72;18.4;18.41;9.16;16.8;62;SP;mos.2;-1.08721302;-0.722599811;-0.865;urb
E2-P2-E6;7975088;City;e;6;Parus Major;2017;03-mars;03-mars;1;1;1;SGS1;negatif;adulte;mos;38;2;J1;1;73;18.04;18.1;8.77;17.1;60;SP;mos.38;-1.558454122;-1.128383712;-0.865;urb
E2-P2-F6;8185091;Rouvière;f;6;Parus Major;2019;03-mars;03-mars;1;1;1;SGS1;negatif;adulte;rou;324;2;J1;1;71.5;18.35;18.41;9.22;14.8;67;AC;rou.324;0.961688348;;1.221;rur
E2-P2-G6;8184403;Rouvière;g;6;Parus Major;2019;03-mars;03-mars;1;1;1;SGS1;negatif;adulte;rou;324;1;J3;3;78.5;20.31;20.37;9.01;17.1;66;AC;rou.324;0.961688348;;1.221;rur
E2-P2-H6;7975637;Rouvière;h;6;Parus Major;2018;03-mars;03-mars;1;1;1;SGS1;negatif;adulte;rou;10;1;P3;3;76;20.23;20.24;9.08;17.5;66.5;SP;rou.10;1.239068144;;1.221;rur
E2-P2-A7;8378596;Rouvière;a;7;Parus Major;2019;01-mars;01-mars;1;1;1;SGS1;YWT4;adulte;rou;10;2;A1;2;76;19.83;19.83;9.42;15.8;63;SP;rou.10;1.239068144;;1.221;rur
E2-P2-B7;8189948;City;b;7;Parus Major;2019;01-mars;01-mars;1;1;1;SGS1;negatif;adulte;zoo;5;2;A1;2;73;19.02;19.04;8.76;16.2;62;SP;zoo.5;0.79882182;1.440750817;0.687;urb
E2-P2-C7;8189162;City;c;7;Parus Major;2019;03-mars;03-mars;1;1;1;SGS1;negatif;adulte;zoo;5;1;P2;2;75;19.45;19.45;8.65;0;67;SP;zoo.5;0.79882182;1.440750817;0.687;urb
E2-P2-D7;8378561;City;d;7;Parus Major;2019;02-mars;02-mars;1;1;1;SGS1;YWT4;adulte;zoo;20;2;J1;1;72.5;19.05;18.93;8.05;16.1;57;ACA;zoo.20;0.807601463;1.476202443;0.687;urb
E2-P2-E7;7975916;City;e;7;Parus Major;2019;03-mars;03-mars;1;1;1;SGS1;negatif;adulte;zoo;20;1;J3;3;77;18.43;18.47;7.79;16.6;65;ACA;zoo.20;0.807601463;1.476202443;0.687;urb
E2-P2-F7;8477835;City;f;7;Parus Major;2019;03-mars;03-mars;1;1;1;SGS1;negatif;adulte;zoo;42;1;J2;2;76;19.42;19.8;9.12;17;65;ACA;zoo.42;1.021668772;1.285093234;0.687;urb
E2-P2-G7;7207361;City;g;7;Parus Major;2019;03-mars;03-mars;1;1;1;SGS1;negatif;adulte;zoo;42;2;I1;2;74;17.93;17.96;9.69;15.1;62;ACA;zoo.42;1.021668772;1.285093234;0.687;urb
E2-P2-H7;8185431;City;h;7;Parus Major;2019;03-mars;03-mars;1;1;1;inexploitable;negatif;adulte;zoo;63;2;J2;2;72;19.49;19.6;9.1;17.4;63;ACA;zoo.63;-0.937353317;1.2951535;0.687;urb
E2-P2-A8;7532265;City;a;8;Parus Major;2019;0;0;0;0;0;negatif;negatif;adulte;zoo;25;1;A5;6;76.5;21.41;21.37;8.83;17.9;67;ACA;zoo.25;0.746493062;1.19686884;0.687;urb
E2-P2-B8;8380175;City;b;8;Parus Major;2019;03-mars;03-mars;1;1;1;SGS1;negatif;adulte;zoo;25;2;A1;2;74;19.74;19.75;9;16.3;62;SP;zoo.25;0.746493062;1.19686884;0.687;urb
E2-P2-C8;8380184;City;c;8;Parus Major;2019;03-mars;03-mars;1;1;1;SGS1;negatif;adulte;zoo;51;2;J1;1;72;18.89;0;8.88;15.5;63.5;ACA;zoo.51;0.425595613;1.614669752;0.687;urb
E2-P2-D8;8378043;City;d;8;Parus Major;2019;01-mars;01-mars;1;1;1;SGS1;negatif;adulte;bot;8;1;A1;2;74;17.97;17.98;7.86;14.94;62;SP;bot.8;-0.462610205;0.029649318;-0.406;urb
E2-P2-E8;8189991;City;e;8;Parus Major;2019;03-mars;03-mars;1;1;1;SGS1;negatif;adulte;bot;5;2;A1;2;74.5;19.81;19.88;9.27;15.64;62;SP;bot.5;-0.583028409;-0.029698391;-0.406;urb
E2-P2-F8;8189992;City;f;8;Parus Major;2019;03-mars;03-mars;1;1;1;SGS1;negatif;adulte;bot;5;1;A1;2;76;19.36;19.34;8.33;16.6;65;ACA;bot.5;-0.583028409;-0.029698391;-0.406;urb
E2-P2-G8;8378042;City;g;8;Parus Major;2019;03-mars;03-mars;1;1;1;SGS1;negatif;adulte;bot;8;2;A1;2;73;18.76;18.82;7.98;16.2;61.5;ACA;bot.8;-0.462610205;0.029649318;-0.406;urb
E2-P2-H8;8185090;City;h;8;Parus Major;2019;02-mars;02-mars;1;1;1;SGS1;negatif;adulte;bot;2;2;J1;1;70.5;18.41;18.48;8.78;15.6;61;AC;bot.2;0.007668546;1.232268291;-0.406;urb
E2-P2-A9;8185089;City;a;9;Parus Major;2019;03-mars;03-mars;1;1;1;SGS1;negatif;adulte;bot;2;1;A1;2;76.5;19.46;19.23;8.68;16.9;64.5;AC;bot.2;0.007668546;1.232268291;-0.406;urb
E2-P2-B9;7974479;City;b;9;Parus Major;2019;03-mars;03-mars;1;1;1;SGS1;negatif;adulte;bot;4;2;P1;1;72;19.38;19.4;8.75;16.6;57.5;AC;bot.4;-1.398308339;-0.225169181;-0.406;urb
E2-P2-C9;8378040;City;c;9;Parus Major;2019;03-mars;03-mars;1;1;1;inexploitable;negatif;adulte;cef;2;2;J1;1;71;19.08;19.07;8.47;14.8;56;SP;cef.2;0.376577158;0.6391131;0.458;urb
E2-P2-D9;8761207;City;d;9;Parus Major;2019;03-mars;03-mars;1;1;1;SGS1;negatif;adulte;cef;2;1;J1;1;76;19.82;19.86;8.5;17.06;66;ACA;cef.2;0.376577158;0.6391131;0.458;urb
E2-P2-E9;7438035;City;e;9;Parus Major;2019;03-mars;03-mars;1;1;1;SGS1;negatif;adulte;cef;8;1;J4;4;80.5;21.43;21.5;8.63;18.2;70;ACA;cef.8;0.323858255;0.66915479;0.458;urb
E2-P2-F9;8378543;City;f;9;Parus Major;2019;03-mars;03-mars;1;1;1;SGS1;negatif;adulte;cef;8;2;J1;1;71.5;18.37;18.37;7.66;15.7;59.5;ACA;cef.8;0.323858255;0.66915479;0.458;urb
E2-P2-G9;8378058;City;g;9;Parus Major;2019;03-mars;03-mars;1;1;1;SGS1;YWT4;adulte;fac;2;1;A1;2;77;18.99;18.91;8.04;16.93;64;CV;fac.2;0.088590485;0.389729208;-0.75;urb
E2-P2-H9;8378059;City;h;9;Parus Major;2019;03-mars;03-mars;1;1;1;GRW11;negatif;adulte;fac;2;2;J1;1;72;18.02;18;8.28;15.6;57;ACA;fac.2;0.088590485;0.389729208;-0.75;urb
E2-P2-A10;8185078;City;a;10;Parus Major;2019;03-mars;03-mars;1;1;1;SGS1;negatif;adulte;fac;6;1;A1;2;76;19.59;19.55;8.32;17.9;62.5;AC;fac.6;-2.278183533;-1.356337435;-0.75;urb
E2-P2-B10;8185077;City;b;10;Parus Major;2019;03-mars;03-mars;1;1;1;SGS1;YWT4;adulte;fac;6;2;J1;1;73;19.32;19.3;8.36;15.8;61.5;AC;fac.6;-2.278183533;-1.356337435;-0.75;urb
E2-P2-C10;8185076;City;c;10;Parus Major;2019;03-mars;03-mars;1;1;1;SGS1;negatif;adulte;fac;8;1;J1;1;73.5;19.89;19.85;8.62;16.4;61.5;AC;fac.8;-0.62852441;-0.178164759;-0.75;urb
E2-P2-D10;8185029;City;d;10;Parus Major;2019;03-mars;03-mars;1;1;1;SGS1;negatif;adulte;fac;8;2;A2;3;76;19.49;19.43;8.18;16.6;64.5;AC;fac.8;-0.62852441;-0.178164759;-0.75;urb
E2-P2-E10;8189042;City;e;10;Parus Major;2019;03-mars;03-mars;1;1;1;SGS1;negatif;adulte;fac;13;1;A2;3;77;19.93;19.97;9.02;16.6;67;AC;fac.13;-0.912827488;-0.233972559;-0.75;urb
E2-P2-F10;8189041;City;f;10;Parus Major;2019;03-mars;03-mars;1;1;1;SGS1;negatif;adulte;fac;13;2;A2;3;73;19.39;19.34;8.51;15.9;65.5;AC;fac.13;-0.912827488;-0.233972559;-0.75;urb
E2-P2-G10;8185028;City;g;10;Parus Major;2019;03-mars;03-mars;1;1;1;SGS1;negatif;adulte;fac;17;2;J2;2;72;19.24;19.33;9.04;16.4;60.5;AC;fac.17;-0.851252546;-0.382497208;-0.75;urb
E2-P2-H10;8185079;City;h;10;Parus Major;2019;03-mars;0;1;0;0;SGS1;negatif;adulte;fac;17;1;I1;2;75.5;18.94;18.96;8.8;16.6;66;AC;fac.17;-0.851252546;-0.382497208;-0.75;urb
E2-P2-A11;7974975;City;a;11;Parus Major;2019;03-mars;03-mars;1;1;1;SGS1;YWT4;adulte;fac;22;2;A4;5;76.5;18.79;18.79;8.73;17.2;67.5;AC;fac.22;-1.678895153;-0.985447744;-0.75;urb
E2-P2-B11;8185027;City;b;11;Parus Major;2019;03-mars;03-mars;1;1;1;SGS1;YWT4;adulte;fac;22;1;A2;3;76.5;19.13;19.17;8.97;18.2;68;AC;fac.22;-1.678895153;-0.985447744;-0.75;urb
E2-P2-C11;8380167;City;c;11;Parus Major;2019;03-mars;03-mars;1;1;1;SGS1;negatif;adulte;fac;10;1;A1;2;71;19.13;19.18;8.54;16.2;60.5;ACA;fac.10;-2.085784687;-1.420398266;-0.75;urb
E2-P2-D11;7207478;City;d;11;Parus Major;2019;03-mars;03-mars;1;1;1;SGS1;negatif;adulte;fac;10;2;P4;4;81.5;20.2;20.23;8.91;18.4;72.5;ACA;fac.10;-2.085784687;-1.420398266;-0.75;urb
E2-P2-E11;8380432;City;e;11;Parus Major;2019;03-mars;03-mars;1;1;1;DELURB4;negatif;adulte;fac;23;1;J1;1;63;16.33;16.1;6.55;9.57;50.5;SP;fac.23;-1.678895153;-0.985447744;-0.75;urb
E2-P2-F11;8380437;City;f;11;Parus Major;2019;03-mars;03-mars;1;1;1;SGS1;negatif;adulte;fac;3;2;A1;2;74;19.39;19.37;8.91;16.1;62;SP;fac.3;-0.290939859;0.286283696;-0.75;urb
E2-P2-G11;8380438;City;g;11;Parus Major;2019;03-mars;03-mars;1;1;1;SGS1;negatif;adulte;fac;3;1;J1;1;74;19.67;19.66;9.31;16;64;SP;fac.3;-0.290939859;0.286283696;-0.75;urb
E2-P2-H11;7974985;City;h;11;Parus Major;2019;03-mars;03-mars;1;1;1;SGS1;YWT4;adulte;fac;19;2;A1;2;74;19.44;19.37;9.14;16.3;61;ACA;fac.19;-0.434718099;0.042237211;-0.75;urb
E2-P2-A12;8380205;City;a;12;Parus Major;2019;0;0;0;0;0;negatif;negatif;adulte;fac;19;1;J1;1;75;19.83;19.86;9.24;17.1;61;SP;fac.19;-0.434718099;0.042237211;-0.75;urb
E2-P2-B12;8380454;City;b;12;Parus Major;2019;03-mars;03-mars;1;1;1;SGS1;negatif;adulte;fac;9;1;A1;2;75;20.27;20.1;8.73;16;62;SP;fac.9;-0.042566621;0.38377491;-0.75;urb
E2-P2-C12;7207418;City;c;12;Parus Major;2014;03-mars;03-mars;1;1;1;SGS1;negatif;adulte;cef;10;1;I1;2;80;19.96;;;17.4;61;VD;cef.10;0.234138053;0.632622473;0.458;urb
E2-P2-D12;8189927;City;d;12;Parus Major;2018;03-mars;03-mars;1;1;1;SGS1;negatif;adulte;cef;1;1;A1;2;76.5;19.17;19.15;8.32;17.2;66;SP;cef.1;0.208535722;0.551905275;0.458;urb
E2-P2-E12;8189926;City;e;12;Parus Major;2018;03-mars;03-mars;1;1;1;SGS1;negatif;adulte;cef;1;2;A1;2;77;19.42;19.47;9.39;17.1;67.5;AC;cef.1;0.208535722;0.551905275;0.458;urb
E2-P2-F12;8478015;City;f;12;Parus Major;2018;03-mars;03-mars;1;1;1;SGS1;negatif;adulte;cef;8;2;J1;1;72.5;19.47;19.5;8.62;16.8;60;AC;cef.8;0.323858255;0.66915479;0.458;urb
E2-P2-G12;7975046;City;g;12;Parus Major;2017;03-mars;03-mars;1;1;1;SGS1;negatif;adulte;bot;5;1;A1;2;76;20.31;20.26;9.08;18.5;0;SP;bot.5;-0.583028409;-0.029698391;-0.406;urb
E2-P3-A1;8189054;City;a;1;Parus Major;2018;01-mars;01-mars;1;1;1;negatif;negatif;adulte;bot;3;1;A1;2;74;19.57;19.58;8.93;17.4;64;SP;bot.3;-0.244947708;0.239124134;-0.406;urb
E2-P3-B1;8189055;City;b;1;Parus Major;2018;02-mars;02-mars;1;1;1;SGS1;negatif;adulte;bot;3;2;J1;1;69;19.63;19.33;9.5;16.2;58;SP;bot.3;-0.244947708;0.239124134;-0.406;urb
E2-P3-C1;8189982;City;c;1;Parus Major;2018;03-mars;03-mars;1;1;1;DELURB4;negatif;adulte;bot;7;2;A1;2;72.5;18.69;18.78;9.32;16.3;63;SP;bot.7;0.244769031;0.82676323;-0.406;urb
E2-P3-D1;8189983;City;d;1;Parus Major;2018;02-mars;02-mars;1;1;1;SGS1;negatif;adulte;bot;7;1;A1;2;76;17.69;17.69;8.63;15.8;65.5;SP;bot.7;0.244769031;0.82676323;-0.406;urb
E2-P11-D11;7207163;City;d;11;Parus Major;2014;01-mars;0;1;0;0;SGS1;GRW11;adulte;zoo;51;2;P1;1;73;19.05;0;0;16.5;61;AC;zoo.51;0.425595613;1.614669752;0.687;urb
E2-P11-C12;7209375;City;c;12;Parus Major;2014;03-mars;03-mars;1;1;1;inexploitable;negatif;adulte;mos;12;1;J1;1;72;19.98;0;0;16.6;62.5;VD;mos.12;-0.78140826;-0.389133823;-0.865;urb
E2-P12-D1;7207295;City;d;1;Parus Major;2014;0;0;0;0;0;negatif;negatif;adulte;zoo;67;2;A2;3;73.5;19.1;0;0;15.6;63;AG;zoo.67;1.063761577;1.458200562;0.687;urb
E2-P12-C3;7532228;City;c;3;Parus Major;2014;03-mars;0;1;0;0;SGS1;negatif;adulte;gram;20;1;J1;1;73.5;19.33;0;0;16.5;60;AC;gram.20;1.013140198;1.544338628;0.254;urb
E2-P12-D3;7532229;City;d;3;Parus Major;2014;01-mars;0;1;0;0;SGS1;negatif;adulte;gram;20;2;J1;1;71;20.14;0;0;16.4;57;AC;gram.20;1.013140198;1.544338628;0.254;urb
E2-P12-F3;7532231;City;f;3;Parus Major;2014;03-mars;0;1;0;0;SGS1;negatif;adulte;gram;19;2;A1;2;75;18.93;0;0;16.1;62.5;VD;gram.19;0.525012117;0.923329204;0.254;urb
E2-P12-H3;7532232;City;h;3;Parus Major;2014;03-mars;0;1;0;0;SGS1;negatif;adulte;zoo;38;2;A1;2;72.5;19.02;0;0;16.1;55;VD;zoo.38;-0.519121701;-0.200041293;0.687;urb
E2-P12-A4;7532233;City;a;4;Parus Major;2014;03-mars;0;1;0;0;SGS1;negatif;adulte;zoo;38;1;A1;2;74;19.48;0;0;17.2;59.5;VD;zoo.38;-0.519121701;-0.200041293;0.687;urb
E2-P12-B4;7532234;City;b;4;Parus Major;2014;02-mars;0;1;0;0;SGS1;negatif;adulte;gram;45;2;J1;1;73;19.59;0;0;16.6;58;VD;gram.45;0.888160128;1.228708365;0.254;urb
E2-P12-C4;6988362;City;c;4;Parus Major;2014;03-mars;0;1;0;0;SGS1;negatif;adulte;gram;45;1;P1;1;73;18.85;0;0;16.1;60;VD;gram.45;0.888160128;1.228708365;0.254;urb
E1-P3-F8;5994219;Continent;F;8;Parus Major;2014;03-mars;03-mars;1;1;1;SGS1;negatif;adulte;gram;44;1;A2;3;80;19.75;0;0;16.9;65;AC;gram.44;1.001017814;1.259167966;0.254;urb
E1-P3-G8;7209254;Continent;G;8;Parus Major;2014;03-mars;03-mars;1;1;1;SGS1;negatif;adulte;gram;44;2;A1;2;74;19.4;0;0;16.5;62.5;AC;gram.44;1.001017814;1.259167966;0.254;urb
E1-P3-H8;7207115;Continent;H;8;Parus Major;2014;03-mars;03-mars;1;1;1;SGS1;negatif;adulte;font;17;2;J2;2;72;19.53;0;0;17.6;60;VD;font.17;-0.789341043;-0.46640164;-0.854;urb
E1-P3-A9;7209258;Continent;A;9;Parus Major;2014;03-mars;03-mars;1;1;1;SGS1;negatif;adulte;mas;24;2;A1;2;73.5;19.48;0;0;16.2;66;VD;mas.24;-1.790063115;-1.416775794;-0.865;urb
E1-P3-B9;7209266;Continent;B;9;Parus Major;2014;03-mars;03-mars;1;1;1;SGS1;negatif;adulte;mas;24;1;A1;2;73.5;20.15;0;0;17;61;VD;mas.24;-1.790063115;-1.416775794;-0.865;urb
E1-P3-C9;7209273;Continent;C;9;Parus Major;2014;03-mars;03-mars;1;1;1;SGS1;negatif;adulte;mos;43;2;J1;1;72.5;20.09;0;0;17.1;59;AC;mos.43;-0.825048848;-0.487594621;-0.865;urb
E1-P3-D9;7207298;Continent;D;9;Parus Major;2014;03-mars;03-mars;1;1;1;SGS1;negatif;adulte;mas;37;1;A2;3;77;20.12;0;0;16.6;64;AC;mas.37;-1.716343906;-1.04317161;-0.865;urb
E1-P3-E9;7207299;Continent;E;9;Parus Major;2014;01-mars;01-mars;1;1;1;SGS1;negatif;adulte;mas;37;2;J2;2;72;19.05;0;0;15.9;61;AC;mas.37;-1.716343906;-1.04317161;-0.865;urb
E1-P3-F9;6681198;Continent;F;9;Parus Major;2014;03-mars;03-mars;1;1;1;SGS1;negatif;adulte;zoo;63;1;P2;2;76;19.09;0;0;17.4;66;AC;zoo.63;-0.937353317;1.2951535;0.687;urb
E1-P3-G9;6988100;Continent;G;9;Parus Major;2014;03-mars;03-mars;1;1;1;SGS1;YWT4;adulte;zoo;63;2;J2;2;72;19.07;0;0;16.4;60;AC;zoo.63;-0.937353317;1.2951535;0.687;urb
E1-P3-H9;7209289;Continent;H;9;Parus Major;2014;03-mars;03-mars;1;1;1;SGS1;negatif;adulte;mos;23;2;A1;2;72;19.27;0;0;17.1;61;VD;mos.23;-0.559920157;-0.212649993;-0.865;urb
E1-P3-A10;7209290;Continent;A;10;Parus Major;2014;03-mars;03-mars;1;1;1;SGS1;negatif;adulte;mos;23;1;A1;2;75;20.03;0;0;16.5;63;VD;mos.23;-0.559920157;-0.212649993;-0.865;urb
E1-P3-B10;7209226;Continent;B;10;Parus Major;2014;03-mars;03-mars;1;1;1;SGS1;negatif;adulte;gram;56;2;A2;3;72.5;20.12;0;0;16;61;AC;gram.56;0.141519692;0.403237867;0.254;urb
E1-P3-C10;7209300;Continent;C;10;Parus Major;2014;02-mars;02-mars;1;1;1;SGS1;negatif;adulte;gram;56;1;A1;2;76;19.8;0;0;16.9;62;AC;gram.56;0.141519692;0.403237867;0.254;urb
E1-P3-D10;7209308;Continent;D;10;Parus Major;2014;03-mars;03-mars;1;1;1;AFRO065;negatif;adulte;zoo;9;2;J1;1;73;19.26;0;0;18.2;62;AC;zoo.9;1.17637317;1.433795372;0.687;urb
E1-P3-E10;6680776;Continent;E;10;Parus Major;2014;02-mars;02-mars;1;1;1;GRW11;negatif;adulte;zoo;9;1;P2;2;75;19.37;0;0;16.6;65;AC;zoo.9;1.17637317;1.433795372;0.687;urb
E1-P3-F10;7207285;Continent;F;10;Parus Major;2014;03-mars;03-mars;1;1;1;SGS1;negatif;adulte;zoo;64;2;P1;1;69.5;19.67;0;0;16.5;61;AC;zoo.64;0.766093358;1.40815822;0.687;urb
E1-P3-G10;7209309;Continent;G;10;Parus Major;2014;03-mars;03-mars;1;1;1;SGS1;negatif;adulte;zoo;64;1;J1;1;73.5;20.49;0;0;17;59;AC;zoo.64;0.766093358;1.40815822;0.687;urb
E1-P3-H10;7207183;Continent;H;10;Parus Major;2014;03-mars;03-mars;1;1;1;SGS1;negatif;adulte;zoo;31;2;P1;1;72;20.2;0;0;17.6;60;AC;zoo.31;0.475305519;0.736239484;0.687;urb
E1-P3-A11;7207252;Continent;A;11;Parus Major;2014;02-mars;03-mars;1;1;1;SGS1;negatif;adulte;zoo;31;1;A2;3;76.5;19.82;0;0;17;67;AC;zoo.31;0.475305519;0.736239484;0.687;urb
E1-P3-B11;7209310;Continent;B;11;Parus Major;2014;03-mars;03-mars;1;1;1;SGS1;negatif;adulte;mas;43;2;J1;1;72;19.65;0;0;16.7;59;AC;mas.43;-1.693448052;-1.07575741;-0.865;urb
E1-P3-C11;7209311;Continent;C;11;Parus Major;2014;01-mars;0;1;0;0;SGS1;negatif;adulte;mas;43;1;J1;1;71;19.53;0;0;0;62;AC;mas.43;-1.693448052;-1.07575741;-0.865;urb
E1-P3-D11;7209312;Continent;D;11;Parus Major;2014;03-mars;02-mars;1;1;1;SGS1;negatif;adulte;mas;42;2;J1;1;70;19.39;0;0;16.7;59;AC;mas.42;0.240918659;0.563545476;-0.865;urb
E1-P3-E11;6988193;Continent;E;11;Parus Major;2014;03-mars;03-mars;1;1;1;SGS1;negatif;adulte;zoo;7;1;P2;2;75.5;19.32;0;0;16.5;65;AC;zoo.7;1.176263395;1.433686052;0.687;urb
E1-P3-F11;7209313;Continent;F;11;Parus Major;2014;03-mars;03-mars;1;1;1;SGS1;YWT4;adulte;zoo;23;1;J1;1;74.5;20.55;0;0;17.2;63.5;AC;zoo.23;0.963484064;1.41295905;0.687;urb
E1-P3-G11;7209314;Continent;G;11;Parus Major;2014;02-mars;03-mars;1;1;1;SGS1;negatif;adulte;zoo;23;2;J1;1;72.5;19.95;0;0;17;60;AC;zoo.23;0.963484064;1.41295905;0.687;urb
E1-P3-H11;7207031;Continent;H;11;Parus Major;2014;03-mars;03-mars;1;1;1;SGS1;negatif;adulte;font;18;2;A2;3;70.5;19.7;0;0;16.4;62;AC;font.18;-0.776532807;-0.377641031;-0.854;urb
E1-P3-A12;7209317;Continent;A;12;Parus Major;2014;03-mars;03-mars;1;1;1;SGS1;negatif;adulte;font;16;2;J1;1;70;19.74;0;0;16;60;AC;font.16;-1.650960342;-1.120882509;-0.854;urb
E1-P3-B12;7209318;Continent;B;12;Parus Major;2014;03-mars;03-mars;1;1;1;SGS1;negatif;adulte;font;29;1;A1;2;76;19.82;0;0;17.3;63;AC;font.29;-1.550811478;-0.877068562;-0.854;urb
E1-P3-C12;7209319;Continent;C;12;Parus Major;2014;03-mars;03-mars;1;1;1;SGS1;negatif;adulte;font;29;2;J1;1;66.5;18.91;0;0;17;58;AC;font.29;-1.550811478;-0.877068562;-0.854;urb
E1-P3-D12;7209222;Continent;D;12;Parus Major;2014;03-mars;03-mars;1;1;1;SGS1;negatif;adulte;gram;8;2;A2;3;72;18.85;0;0;14;62;AC;gram.8;1.152235835;1.437068097;0.254;urb
E1-P3-E12;7209320;Continent;E;12;Parus Major;2014;03-mars;02-mars;1;1;1;SGS1;negatif;adulte;gram;8;1;J1;1;76.5;20.86;0;0;16.6;65;AC;gram.8;1.152235835;1.437068097;0.254;urb
E1-P3-F12;7207012;Continent;F;12;Parus Major;2014;03-mars;03-mars;1;1;1;SGS1;negatif;adulte;mas;6;2;A2;3;72;19.7;0;0;16.6;61;AC;mas.6;-1.951905552;-1.539712616;-0.865;urb
E1-P3-G12;7209323;Continent;G;12;Parus Major;2014;03-mars;03-mars;1;1;1;SGS1;negatif;adulte;mas;6;1;J1;1;75;20.39;0;0;16.5;62;AC;mas.6;-1.951905552;-1.539712616;-0.865;urb
E1-P3-H12;7209324;Continent;H;12;Parus Major;2014;03-mars;03-mars;1;1;1;SGS1;negatif;adulte;font;2;2;A1;2;73;19.18;0;0;15.6;57;VD;font.2;-0.485310472;0.008733556;-0.854;urb
E1-P4-A1;7209325;Continent;A;1;Parus Major;2014;02-mars;03-mars;1;1;1;SGS1;negatif;adulte;font;2;1;A1;2;77;19.74;0;0;16.1;64;VD;font.2;-0.485310472;0.008733556;-0.854;urb
E1-P4-B1;7209321;Continent;B;1;Parus Major;2014;0;0;0;0;0;negatif;negatif;adulte;rou;82;2;J1;1;71.5;19.02;0;0;15.2;58;AC;rou.82;1.239081317;;1.221;rur
E1-P4-C1;7209327;Continent;C;1;Parus Major;2014;03-mars;03-mars;1;1;1;SGS1;negatif;adulte;rou;84;2;J1;1;73;19.52;0;0;17;59;VD;rou.84;1.239081317;;1.221;rur
E1-P4-D1;6989623;Continent;D;1;Parus Major;2014;03-mars;01-mars;1;1;1;SGS1;negatif;adulte;rou;84;1;P1;1;75;19.05;0;0;17;66;VD;rou.84;1.239081317;;1.221;rur
E1-P4-E1;7209328;Continent;E;1;Parus Major;2014;03-mars;03-mars;1;1;1;SGS1;negatif;adulte;rou;354;2;J1;1;72;19.17;0;0;15.8;65;AC;rou.354;1.2329778;;1.221;rur
E1-P4-F1;6988850;Continent;F;1;Parus Major;2014;03-mars;03-mars;1;1;1;SGS1;negatif;adulte;rou;242;2;I2;3;73;19.46;0;0;16.6;64;AC;rou.242;1.15883983;;1.221;rur
E1-P4-G1;7209329;Continent;G;1;Parus Major;2014;03-mars;03-mars;1;1;1;inexploitable;negatif;adulte;rou;60;2;J1;1;73;20.27;0;0;17.5;0;AC;rou.60;1.239061558;;1.221;rur
E1-P4-H1;7209330;Continent;H;1;Parus Major;2014;03-mars;03-mars;1;1;1;SGS1;negatif;adulte;rou;60;1;A1;2;76;20.03;0;0;16;0;VD;rou.60;1.239061558;;1.221;rur
E1-P4-A2;5994274;Continent;A;2;Parus Major;2014;02-mars;03-mars;1;1;1;SGS1;negatif;adulte;rou;20;1;J1;1;73.5;19.79;19.92;0;17;61;AG;rou.20;1.239059362;;1.221;rur
E1-P4-B2;7209345;Continent;B;2;Parus Major;2014;03-mars;03-mars;1;1;1;SGS1;negatif;adulte;zoo;30;2;J1;1;71.5;19.262;0;0;15.9;59;AC;zoo.30;0.627555327;0.969185409;0.687;urb
E1-P4-C2;7209346;Continent;C;2;Parus Major;2014;03-mars;03-mars;1;1;1;SGS1;negatif;adulte;zoo;30;1;J1;1;74;20.06;0;0;16.5;64;AC;zoo.30;0.627555327;0.969185409;0.687;urb
E1-P4-D2;7207072;Continent;D;2;Parus Major;2014;03-mars;03-mars;1;1;1;SGS1;negatif;adulte;zoo;37;1;A2;3;75;20.36;0;0;17;65.5;AC;zoo.37;1.070284292;1.329683858;0.687;urb
E1-P4-E1;6000759;Continent;E;2;Parus Major;2014;03-mars;03-mars;1;1;1;SGS1;negatif;adulte;zoo;37;2;A2;3;70.5;19.01;0;0;15.1;61;AC;zoo.37;1.070284292;1.329683858;0.687;urb
E1-P4-F2;7209347;Continent;F;2;Parus Major;2014;03-mars;03-mars;1;1;1;SGS1;negatif;adulte;zoo;36;1;J1;1;73;20.64;0;0;16.8;64;AC;zoo.36;1.128232528;1.386456005;0.687;urb
E1-P4-G2;6988500;Continent;G;2;Parus Major;2014;03-mars;03-mars;1;1;1;SGS1;negatif;adulte;mas;19;2;A2;3;73;19.83;;;15.6;61;AC;mas.19;-2.556065115;-2.099190522;-0.865;urb
E1-P4-H2;7209348;Continent;H;2;Parus Major;2014;03-mars;02-mars;1;1;1;SGS1;negatif;adulte;rou;340;2;J1;1;72;19.24;19.21;0;15.5;63;AC;rou.340;1.167380363;;1.221;rur
E1-P4-A3;6402444;Continent;A;3;Parus Major;2014;03-mars;02-mars;1;1;1;SGS1;GRW11;adulte;rou;340;1;P1;1;77;20.47;20.41;0;17.5;67;AC;rou.340;1.167380363;;1.221;rur
E1-P4-B3;7209350;Continent;B;3;Parus Major;2014;03-mars;03-mars;1;1;1;PARUS19;negatif;adulte;rou;102;2;J1;1;72;19.58;19.49;0;19.49;60.5;AC;rou.102;1.239085708;;1.221;rur
E1-P4-C3;7209351;Continent;C;3;Parus Major;2014;03-mars;03-mars;1;1;1;SGS1;negatif;adulte;rou;102;1;I1;2;79;19.87;19.86;0;19.86;67;AC;rou.102;1.239085708;;1.221;rur
E1-P4-D3;7209349;Continent;D;3;Parus Major;2014;03-mars;03-mars;1;1;1;SGS1;negatif;adulte;rou;96;1;J1;1;73.5;19.75;19.59;0;16.4;66;AC;rou.96;1.239083513;;1.221;rur
E1-P4-E3;7209352;Continent;E;3;Parus Major;2014;03-mars;03-mars;1;1;1;SGS1;negatif;adulte;rou;90;1;A1;2;75.5;20.55;20.38;0;20.38;66;AC;rou.90;1.239085708;;1.221;rur
E1-P4-F3;7209353;Continent;F;3;Parus Major;2014;02-mars;03-mars;1;1;1;SGS1;negatif;adulte;rou;90;2;A1;2;73;19.1;19.16;0;19.16;62;AC;rou.90;1.239085708;;1.221;rur
E1-P4-G3;7209355;Continent;G;3;Parus Major;2014;03-mars;03-mars;1;1;1;SGS1;negatif;adulte;rou;14;2;J1;1;71;19.75;19.79;0;15.6;0;AFA;rou.14;1.239065949;;1.221;rur
E1-P4-H3;7209356;Continent;H;3;Parus Major;2014;03-mars;03-mars;1;1;1;SGS1;negatif;adulte;rou;34;1;A1;2;75;21.02;21.01;0;17.3;61;AC;rou.34;1.239065949;;1.221;rur
E1-P4-A4;7209354;Continent;A;4;Parus Major;2014;03-mars;03-mars;1;1;1;SGS1;negatif;adulte;rou;46;1;A1;2;78;18.98;18.9;0;16.7;0;AFA;rou.46;1.239065949;;1.221;rur
E1-P4-B4;6989674;Continent;B;4;Parus Major;2014;03-mars;03-mars;1;1;1;SGS1;negatif;adulte;rou;28;1;P1;1;76;19.85;19.81;0;16.8;67;AC;rou.28;1.239068144;;1.221;rur
E1-P4-C4;7209357;Continent;C;4;Parus Major;2014;02-mars;02-mars;1;1;1;SGS1;negatif;adulte;rou;20;2;J1;1;72;20.14;20.13;0;16.3;58;AC;rou.20;1.239059362;;1.221;rur
E1-P4-D4;7209211;Continent;D;4;Parus Major;2014;03-mars;02-mars;1;1;1;SGS1;negatif;adulte;zoo;3;1;A2;3;75;20.66;0;0;17.2;63;AC;zoo.3;0.874696043;1.488398774;0.687;urb
E1-P4-E4;7207277;Continent;E;4;Parus Major;2014;03-mars;03-mars;1;1;1;SGS1;negatif;adulte;zoo;25;2;A2;3;71;19.09;0;0;15.6;60;AC;zoo.25;0.746493062;1.19686884;0.687;urb
E1-P4-F4;7207279;Continent;F;4;Parus Major;2014;03-mars;03-mars;1;1;1;SGS1;negatif;adulte;zoo;25;1;A2;3;76;19.76;0;0;17.7;69;VD;zoo.25;0.746493062;1.19686884;0.687;urb
E1-P4-G4;7207281;Continent;G;4;Parus Major;2014;03-mars;03-mars;1;1;1;SGS1;negatif;adulte;zoo;11;2;A2;3;71;19.36;0;0;16.4;61;AC;zoo.11;1.154363186;1.411876757;0.687;urb
E1-P4-H4;7209237;Continent;H;4;Parus Major;2014;03-mars;03-mars;1;1;1;SGS1;negatif;adulte;zoo;51;1;P1;1;77;21.16;0;0;18.9;65;AC;zoo.51;0.425595613;1.614669752;0.687;urb
E1-P4-A5;7209359;Continent;A;5;Parus Major;2014;03-mars;03-mars;1;1;1;SGS1;negatif;adulte;zoo;61;2;J1;1;75;19.67;0;0;16.4;60;AC;zoo.61;0.960913317;1.465018695;0.687;urb
E1-P4-B5;7209223;Continent;B;5;Parus Major;2014;03-mars;03-mars;1;1;1;SGS1;negatif;adulte;gram;14;2;P1;1;72;19.4;0;0;14.4;58;AC;gram.14;1.168469336;1.425924348;0.254;urb
E1-P4-C5;7209361;Continent;C;5;Parus Major;2014;03-mars;03-mars;1;1;1;SGS1;negatif;adulte;gram;14;1;A1;2;73.5;19.33;0;0;15.5;59;AC;gram.14;1.168469336;1.425924348;0.254;urb
E1-P4-D5;7209362;Continent;D;5;Parus Major;2014;03-mars;03-mars;1;1;1;SGS1;negatif;adulte;gram;17;1;A1;2;74.5;19.75;0;0;16.4;59;AC;gram.17;1.075454764;1.442535347;0.254;urb
E1-P4-E5;7209363;Continent;E;5;Parus Major;2014;03-mars;03-mars;1;1;1;SGS1;negatif;adulte;gram;17;2;J1;1;71;19.83;0;0;17.1;59.5;AC;gram.17;1.075454764;1.442535347;0.254;urb
E1-P4-F5;7209364;Continent;F;5;Parus Major;2014;03-mars;03-mars;1;1;1;SGS1;negatif;adulte;gram;36;2;J1;1;70;19.71;0;0;16;59;AC;gram.36;-0.059283988;0.271362813;0.254;urb
E1-P4-G5;6988372;Continent;G;5;Parus Major;2014;03-mars;03-mars;1;1;1;SGS1;negatif;adulte;gram;36;1;P1;1;74;19.94;0;0;16.5;62;AC;gram.36;-0.059283988;0.271362813;0.254;urb
E1-P4-H5;7209365;Continent;H;5;Parus Major;2014;03-mars;03-mars;1;1;1;SGS1;negatif;adulte;gram;41;1;A1;2;76;21.13;0;0;17.6;57.5;AC;gram.41;-0.322872282;0.017964803;0.254;urb
E1-P4-A6;7209366;Continent;A;6;Parus Major;2014;03-mars;02-mars;1;1;1;SGS1;negatif;adulte;rou;54;1;J1;1;75;20.9;0;0;16.6;64;AC;rou.54;1.239065949;;1.221;rur
E1-P4-B6;7209367;Continent;B;6;Parus Major;2014;03-mars;02-mars;1;1;1;SGS1;negatif;adulte;rou;54;2;J1;1;74;20.05;0;0;16.6;60;AC;rou.54;1.239065949;;1.221;rur
E1-P4-C6;7209368;Continent;C;6;Parus Major;2014;03-mars;0;1;0;0;SGS1;negatif;adulte;rou;56;2;J1;1;71.5;19.89;0;0;16.1;56;AC;rou.56;1.239065949;;1.221;rur
E1-P4-D6;7209369;Continent;D;6;Parus Major;2014;03-mars;03-mars;1;1;1;SGS1;negatif;adulte;rou;56;1;A1;2;78.5;20.32;0;0;17.2;64;AC;rou.56;1.239065949;;1.221;rur
E1-P4-E6;7209370;Continent;E;6;Parus Major;2014;03-mars;03-mars;1;1;1;SGS1;negatif;adulte;rou;8;1;I1;2;76;19.8;0;0;16.7;68;AC;rou.8;1.239068144;;1.221;rur
E1-P4-F6;7209371;Continent;F;6;Parus Major;2014;03-mars;03-mars;1;1;1;SGS1;negatif;adulte;rou;8;2;J1;1;75;19.76;0;0;16.3;60;AC;rou.8;1.239068144;;1.221;rur
E1-P4-G6;7209372;Continent;G;6;Parus Major;2014;03-mars;03-mars;1;1;1;SGS1;negatif;adulte;rou;4;1;J1;1;75;19.92;0;0;16.8;61;AC;rou.4;1.239063753;;1.221;rur
E1-P4-H6;7209373;Continent;H;6;Parus Major;2014;03-mars;03-mars;1;1;1;SGS1;negatif;adulte;rou;4;2;J1;1;71;19.51;0;0;17;59;AC;rou.4;1.239063753;;1.221;rur
E1-P4-A7;6989675;Continent;A;7;Parus Major;2014;03-mars;0;1;0;0;SGS1;negatif;adulte;rou;28;2;P1;1;69;17.74;0;0;14.4;56;AC;rou.28;1.239068144;;1.221;rur
E1-P4-B7;6989867;Continent;B;7;Parus Major;2014;03-mars;03-mars;1;1;1;SGS1;negatif;adulte;rou;222;1;J2;2;73;19.85;0;0;17.2;66.5;AC;rou.222;1.239076926;;1.221;rur
E1-P4-C7;6680388;Continent;C;7;Parus Major;2014;03-mars;03-mars;1;1;1;SGS1;negatif;adulte;rou;222;2;P2;2;74;20.21;0;0;0;61.5;AC;rou.222;1.239076926;;1.221;rur
E1-P4-D7;6988837;Continent;D;7;Parus Major;2014;03-mars;03-mars;1;1;1;SGS1;negatif;adulte;rou;96;2;J2;2;73.5;19.23;0;0;16.4;56;AC;rou.96;1.239083513;;1.221;rur
E1-P4-E7;6989677;Continent;E;7;Parus Major;2014;03-mars;03-mars;1;1;1;SGS1;negatif;adulte;rou;46;2;P1;1;70;18.67;18.63;0;16.5;0;AFA;rou.46;1.239065949;;1.221;rur
E1-P4-F7;7209374;Continent;F;7;Parus Major;2014;03-mars;03-mars;1;1;1;SGS1;negatif;adulte;mos;16;2;J1;1;71;19.14;0;0;14.7;59;VD;mos.16;0.916108673;1.174611307;-0.865;urb
E1-P4-G7;7209379;Continent;G;7;Parus Major;2014;03-mars;03-mars;1;1;1;SGS1;negatif;adulte;font;13;1;A1;2;71.5;20.14;0;0;16.8;61;AG;font.13;-1.249326421;-0.875764243;-0.854;urb
E1-P4-H7;6988336;Continent;H;7;Parus Major;2014;03-mars;03-mars;1;1;1;SGS1;negatif;adulte;rou;344;1;P2;2;79;19.37;0;0;16.5;64;AC;rou.344;1.239083513;;1.221;rur
E1-P4-A8;7209385;Continent;A;8;Parus Major;2014;03-mars;03-mars;1;1;1;SGS1;negatif;adulte;rou;344;2;J1;1;70.5;18.99;0;0;16;59;AC;rou.344;1.239083513;;1.221;rur
E1-P4-B8;7209382;Continent;B;8;Parus Major;2014;03-mars;03-mars;1;1;1;SGS1;negatif;adulte;rou;62;1;A1;2;76;19.99;0;0;17.4;62;AC;rou.62;1.239059362;;1.221;rur
E1-P4-C8;7209383;Continent;C;8;Parus Major;2014;03-mars;03-mars;1;1;1;PARUS19;negatif;adulte;rou;62;2;J1;1;71;19.06;0;0;16.6;61;AC;rou.62;1.239059362;;1.221;rur
E1-P4-D8;6989660;Continent;D;8;Parus Major;2014;02-mars;01-mars;1;1;1;SGS1;negatif;adulte;rou;330;1;P1;1;75;20.36;0;0;16.9;63;AC;rou.330;1.068850578;;1.221;rur
E1-P4-E8;7209384;Continent;E;8;Parus Major;2014;03-mars;03-mars;1;1;1;GRW11;negatif;adulte;rou;330;2;J1;1;73;19.71;0;0;17.1;59.5;AC;rou.330;1.068850578;;1.221;rur
E1-P4-F8;3661531;Continent;F;8;Parus Major;2014;03-mars;03-mars;1;1;1;SGS1;negatif;adulte;rou;332;2;J3;3;75;19.12;0;0;16.5;61;AC;rou.332;1.112128465;;1.221;rur
E1-P4-G8;7207181;Continent;G;8;Parus Major;2014;03-mars;03-mars;1;1;1;SGS1;negatif;adulte;zoo;19;2;P1;1;71.5;20;0;0;17;60;AG;zoo.19;1.048416965;1.388299929;0.687;urb
E1-P4-H8;7209386;Continent;H;8;Parus Major;2014;03-mars;03-mars;1;1;1;SGS1;negatif;adulte;zoo;19;1;J1;1;75.5;19.26;0;0;16.2;66;AG;zoo.19;1.048416965;1.388299929;0.687;urb
E1-P4-A9;7209387;Continent;A;9;Parus Major;2014;03-mars;03-mars;1;1;1;SGS1;negatif;adulte;zoo;62;1;A1;2;79.5;19.07;0;0;17.1;68;AG;zoo.62;1.010909474;1.352151002;0.687;urb
E1-P4-B9;6988575;Continent;B;9;Parus Major;2014;03-mars;03-mars;1;1;1;SGS1;negatif;adulte;zoo;62;2;A2;3;72.5;19.02;0;0;15.4;61;AG;zoo.62;1.010909474;1.352151002;0.687;urb
E1-P4-C9;7209388;Continent;C;9;Parus Major;2014;03-mars;03-mars;1;1;1;SGS1;negatif;adulte;zoo;67;1;A1;2;77;18.59;0;0;16.6;69.5;AG;zoo.67;1.063761577;1.458200562;0.687;urb
E1-P4-D9;7209390;Continent;D;9;Parus Major;2014;03-mars;03-mars;1;1;1;DELURB4;negatif;adulte;mas;4;1;A1;2;77;19.13;0;0;16.6;67;AG;mas.4;-2.208400563;-1.796576662;-0.865;urb
E1-P4-E9;7209391;Continent;E;9;Parus Major;2014;03-mars;03-mars;1;1;1;SGS1;negatif;adulte;mas;4;2;J1;1;72;19.17;0;0;14.9;60.5;AG;mas.4;-2.208400563;-1.796576662;-0.865;urb
E1-P4-F9;7209389;Continent;F;9;Parus Major;2014;03-mars;03-mars;1;1;1;SGS1;negatif;adulte;mas;5;1;A1;2;78;19.63;0;0;17.2;0;AG;mas.5;-1.919491187;-1.506816606;-0.865;urb
E1-P4-G9;7209393;Continent;G;9;Parus Major;2014;03-mars;03-mars;1;1;1;SGS1;negatif;adulte;mas;21;1;A1;2;71;19.71;0;0;17;66;AG;mas.21;-2.467358094;-1.956325425;-0.865;urb
E1-P4-H9;7209394;Continent;H;9;Parus Major;2014;0;0;0;0;0;negatif;negatif;adulte;mas;21;2;J1;1;74;19.62;0;0;16.2;60;AG;mas.21;-2.467358094;-1.956325425;-0.865;urb
E1-P4-A10;7209396;Continent;A;10;Parus Major;2014;03-mars;03-mars;1;1;1;SGS1;negatif;adulte;font;9;2;A1;2;73.5;19.1;0;0;16.9;62.5;AG;font.9;0.775380895;1.03446773;-0.854;urb
E1-P4-B10;7209398;Continent;B;10;Parus Major;2014;03-mars;03-mars;1;1;1;SGS1;negatif;adulte;gram;50;1;J1;1;76;19.89;0;0;16.8;61;SC;gram.50;0.532149162;0.792245722;0.254;urb
E1-P4-C10;7209399;Continent;C;10;Parus Major;2014;03-mars;03-mars;1;1;1;SGS1;negatif;adulte;gram;50;2;J1;1;72;19.18;0;0;15.8;57;SC;gram.50;0.532149162;0.792245722;0.254;urb
E1-P4-D10;7209400;Continent;D;10;Parus Major;2014;03-mars;03-mars;1;1;1;SGS1;negatif;adulte;gram;49;1;A1;2;77.5;20.25;0;0;15.7;66;SC;gram.49;0.46701107;0.844715257;0.254;urb
E1-P4-E10;7209228;Continent;E;10;Parus Major;2014;03-mars;01-mars;1;1;1;SGS1;negatif;adulte;gram;49;2;P1;1;73.5;20;0;0;16.5;56;SC;gram.49;0.46701107;0.844715257;0.254;urb
E1-P4-F10;7532202;Continent;F;10;Parus Major;2014;02-mars;02-mars;1;1;1;SGS1;negatif;adulte;gram;39;1;A1;2;76.5;20;0;0;17.9;65;SC;gram.39;-0.888259784;0.054305128;0.254;urb
E1-P4-G10;7532203;Continent;G;10;Parus Major;2014;03-mars;03-mars;1;1;1;SGS1;negatif;adulte;gram;39;2;A1;2;74.5;19.16;0;0;16.4;63;SC;gram.39;-0.888259784;0.054305128;0.254;urb
E1-P4-H10;7532204;Continent;H;10;Parus Major;2014;03-mars;03-mars;1;1;1;SGS1;negatif;adulte;gram;9;2;J1;1;73.5;18.65;0;0;15.9;58;SC;gram.9;1.23161878;1.488811641;0.254;urb
E1-P4-A11;7532205;Continent;A;11;Parus Major;2014;03-mars;03-mars;1;1;1;SGS1;negatif;adulte;gram;9;1;J1;1;74;19.4;0;0;16.1;59;SC;gram.9;1.23161878;1.488811641;0.254;urb
E1-P4-B11;7532201;Continent;B;11;Parus Major;2014;03-mars;03-mars;1;1;1;SGS1;negatif;adulte;rou;352;2;I1;2;73.5;18.78;0;0;14.4;60;VD;rou.352;1.200598424;;1.221;rur
E1-P4-C11;7532206;Continent;C;11;Parus Major;2014;02-mars;02-mars;1;1;1;SGS1;negatif;adulte;rou;342;2;J1;1;72;19.02;0;0;15.6;60.5;VD;rou.342;1.183618352;;1.221;rur
E1-P4-D11;7532207;Continent;D;11;Parus Major;2014;03-mars;03-mars;1;1;1;SGS1;negatif;adulte;mas;34;2;A1;2;75;19.35;0;0;16.3;62;VD;mas.34;-1.939464958;-1.52730851;-0.865;urb
E1-P4-E11;6988199;Continent;E;11;Parus Major;2014;01-mars;0;1;0;0;negatif;negatif;adulte;mas;34;1;P2;2;76;19.11;0;0;18.4;63;VD;mas.34;-1.939464958;-1.52730851;-0.865;urb
E1-P4-F11;6988390;Continent;F;11;Parus Major;2014;01-mars;0;1;0;0;negatif;negatif;adulte;gram;52;2;P1;1;70;19.57;0;0;15.5;57;AC;gram.52;0.455117607;0.742843808;0.254;urb
E1-P4-G11;7532225;Continent;G;11;Parus Major;2014;01-mars;0;1;0;0;negatif;negatif;adulte;gram;52;1;J1;1;74;19.74;0;0;16.4;59;AC;gram.52;0.455117607;0.742843808;0.254;urb
E1-P4-H11;7532226;Continent;H;11;Parus Major;2014;01-mars;0;1;0;0;negatif;negatif;adulte;rou;22;2;J1;1;75;19.42;0;0;18.5;58;VD;rou.22;1.239061558;;1.221;rur
E1-P4-A12;6989410;Continent;A;12;Parus Major;2014;03-mars;03-mars;1;1;1;SGS1;negatif;adulte;gram;10;1;P2;2;76;19.99;0;0;17.3;65;AC;gram.10;0.231592242;0.555819221;0.254;urb
E1-P4-B12;7207032;Continent;B;12;Parus Major;2014;03-mars;03-mars;1;1;1;SGS1;negatif;adulte;font;18;1;A2;3;75;19.87;0;0;17;67;VD;font.18;-0.776532807;-0.377641031;-0.854;urb
E1-P4-C12;7209797;Continent;C;12;Parus Major;2014;03-mars;03-mars;1;1;1;SGS1;negatif;adulte;rou;324;1;J1;1;73;19.52;19.41;9.46;16.7;65;PG;rou.324;0.961688348;;1.221;rur
E1-P4-D12;7532109;Continent;D;12;Parus Major;2014;03-mars;03-mars;1;1;1;GRW11;negatif;adulte;rou;88;2;J1;1;71;19.4;19.36;9.18;17.2;0;PG;rou.88;1.239085708;;1.221;rur
E1-P4-E12;7532116;Continent;E;12;Parus Major;2014;03-mars;03-mars;1;1;1;SGS1;negatif;adulte;rou;202;2;J1;1;74;19.67;19.64;9.1;17.9;59;PG;rou.202;1.239083513;;1.221;rur
E1-P4-F12;6989707;Continent;F;12;Parus Major;2014;03-mars;03-mars;1;1;1;SGS1;negatif;adulte;rou;332;1;J2;2;76;20.06;20.1;9.37;18.3;66;PG;rou.332;1.112128465;;1.221;rur
E1-P4-G12;7532243;Continent;G;12;Parus Major;2014;03-mars;03-mars;1;1;1;SGS1;negatif;adulte;mas;31;1;A1;2;78;19.66;0;0;17.5;66;VD;mas.31;-1.743068955;-1.231519414;-0.865;urb
E1-P4-H12;7530392;Continent;H;12;Parus Major;2014;02-mars;03-mars;1;1;1;SGS1;negatif;adulte;rou;336;2;A1;2;73.5;20.33;20.38;0;16.2;64;CGE;rou.336;1.1612505;;1.221;rur